county,township,parcel_count,total_area_ha,centroid_lat,centroid_lng
Taipei City,Beitou District,3931,774.86,25.138636,121.506196
Taipei City,Shilin District,3252,605.62,25.125158,121.549879
Taipei City,Wenshan District,884,376.12,24.983357,121.578346
Taipei City,Nangang District,514,140.37,25.026954,121.615418
Taipei City,Neihu District,920,139.95,25.090933,121.599248
Taipei City,Xinyi District,140,21.0,25.024527,121.575293
Taipei City,Zhongshan District,33,13.13,25.087439,121.540938
Taipei City,Da'an District,13,9.41,25.011416,121.549485
Taichung City,Heping District,10920,4691.77,24.264738,121.098356
Taichung City,Dongshi District,12086,4031.36,24.247997,120.837317
Taichung City,Dajia District,21706,3219.15,24.381227,120.637113
Taichung City,Wufeng District,12441,3194.28,24.047442,120.703466
Taichung City,Xinshe District,13217,3146.27,24.183986,120.827781
Taichung City,Qingshui District,20348,2918.84,24.295519,120.582534
Taichung City,Taiping District,6442,2818.08,24.114421,120.770586
Taichung City,Houli District,15540,2570.87,24.310328,120.70502
Taichung City,Waipu District,15196,2528.68,24.334907,120.667767
Taichung City,Da'an District,13798,1984.04,24.36306,120.593849
Taichung City,Longjing District,7783,1796.06,24.197237,120.534929
Taichung City,Shengang District,11481,1599.76,24.263978,120.674399
Taichung City,Wuri District,8399,1590.85,24.075482,120.635033
Taichung City,Dadu District,6281,1290.67,24.144443,120.550073
Taichung City,Fengyuan District,8423,1263.47,24.252227,120.737627
Taichung City,Daya District,8128,1181.71,24.22704,120.646261
Taichung City,Shalu District,4691,1100.1,24.234058,120.582568
Taichung City,Beitun District,3460,1056.44,24.187274,120.752919
Taichung City,Tanzi District,6673,945.66,24.212897,120.708264
Taichung City,Xitun District,3895,647.36,24.188979,120.627949
Taichung City,Shigang District,3590,614.62,24.264783,120.791644
Taichung City,Dali District,4264,600.76,24.094197,120.684914
Taichung City,Wuqi District,3245,570.27,24.237541,120.540734
Taichung City,Nantun District,3343,489.06,24.138113,120.61108
Taichung City,South District,100,18.11,24.115977,120.656978
Taichung City,East District,143,14.72,24.136768,120.702495
Taichung City,North District,30,2.6,24.161654,120.682058
Taichung City,West District,12,0.77,24.142648,120.661133
Keelung City,Qidu District,1289,266.53,25.115257,121.687109
Keelung City,Anle District,409,109.03,25.136016,121.709545
Keelung City,Zhongshan District,318,56.0,25.150159,121.724781
Keelung City,Nuannuan District,227,31.45,25.092239,121.741599
Keelung City,Xinyi District,119,21.96,25.125627,121.778506
Keelung City,Zhongzheng District,104,18.68,25.138082,121.788085
Keelung City,Ren'ai District,53,4.27,25.118969,121.7421
Tainan City,Qigu District,16748,9483.14,23.12439,120.105617
Tainan City,Annan District,15759,6613.37,23.050093,120.143096
Tainan City,Baihe District,17332,5810.94,23.35801,120.445204
Tainan City,Houbi District,18038,5462.35,23.361886,120.348049
Tainan City,Dongshan District,14358,5423.09,23.287256,120.430778
Tainan City,Beimen District,7931,4082.12,23.279002,120.130053
Tainan City,Xuejia District,11895,3821.19,23.252497,120.184921
Tainan City,Yanshui District,12766,3741.72,23.297144,120.247172
Tainan City,Madou District,11429,3656.11,23.182043,120.240535
Tainan City,Nanxi District,9474,3646.92,23.178323,120.509287
Tainan City,Guiren District,12244,3582.32,22.944487,120.294518
Tainan City,Liuying District,12112,3416.95,23.27163,120.347588
Tainan City,Jiangjun District,10633,3329.67,23.206756,120.129653
Tainan City,Yujing District,8494,3295.46,23.114462,120.457678
Tainan City,Shanhua District,10154,3286.8,23.144171,120.298678
Tainan City,Nanhua District,9883,3248.83,23.069578,120.500154
Tainan City,Guantian District,10708,3169.61,23.192121,120.335383
Tainan City,Xinshi District,9189,2880.3,23.080705,120.295639
Tainan City,Guanmiao District,9490,2631.4,22.954838,120.333618
Tainan City,Xinhua District,10078,2604.08,23.03556,120.326859
Tainan City,Danei District,8518,2597.21,23.137082,120.387653
Tainan City,Jiali District,13401,2589.22,23.166874,120.17865
Tainan City,Xiaying District,9737,2437.55,23.230904,120.264823
Tainan City,Xigang District,8986,2396.93,23.125865,120.200263
Tainan City,Liujia District,7773,2390.19,23.235093,120.35179
Tainan City,Rende District,7109,2243.25,22.937636,120.243202
Tainan City,Anding District,8619,1982.04,23.097445,120.227325
Tainan City,Xinying District,7491,1936.26,23.299279,120.290465
Tainan City,Zuozhen District,5065,1574.05,23.03573,120.408828
Tainan City,Shanshang District,4433,1227.71,23.098518,120.362668
Tainan City,Longqi District,2309,1118.85,22.955998,120.378949
Tainan City,Yongkang District,3322,849.03,23.029034,120.263913
Tainan City,South District,2492,546.36,22.945625,120.188575
Tainan City,West Central District,46,22.78,23.002855,120.173233
Tainan City,Anping District,114,22.74,22.986314,120.159845
Tainan City,East District,60,16.18,22.969879,120.223371
Tainan City,North District,32,7.32,23.009493,120.185608
Kaohsiung City,Meinong District,24078,4691.78,22.880491,120.547362
Kaohsiung City,Qishan District,9929,3558.62,22.864298,120.483311
Kaohsiung City,Daliao District,11979,2855.59,22.595505,120.415109
Kaohsiung City,Luzhu District,12355,2755.37,22.861008,120.266654
Kaohsiung City,Shanlin District,8867,2710.59,22.989448,120.557816
Kaohsiung City,Dashu District,9440,2674.46,22.711145,120.425482
Kaohsiung City,Yanchao District,7891,2614.96,22.785421,120.360176
Kaohsiung City,Neimen District,11030,2495.68,22.960097,120.473727
Kaohsiung City,Liugui District,9174,2157.91,22.993271,120.655647
Kaohsiung City,Alian District,9128,2157.55,22.869589,120.318896
Kaohsiung City,Gangshan District,5264,1823.59,22.806699,120.300817
Kaohsiung City,Tianliao District,5961,1555.66,22.860255,120.388313
Kaohsiung City,Namaxia District,2906,1506.84,23.256732,120.69294
Kaohsiung City,Taoyuan District,1981,1435.54,23.168381,120.765019
Kaohsiung City,Yong'an District,4989,1377.67,22.820965,120.22922
Kaohsiung City,Qiaotou District,4528,1294.13,22.753588,120.297294
Kaohsiung City,Hunei District,4511,1288.28,22.892225,120.225107
Kaohsiung City,Jiaxian District,2764,1166.6,23.092451,120.598523
Kaohsiung City,Linyuan District,5383,949.07,22.511078,120.397263
Kaohsiung City,Dashe District,3702,915.16,22.74155,120.368052
Kaohsiung City,Mituo District,2960,812.85,22.779833,120.237041
Kaohsiung City,Ziguan District,5261,589.4,22.750245,120.26012
Kaohsiung City,Renwu District,1529,557.78,22.70243,120.359847
Kaohsiung City,Qieding District,1124,530.5,22.884438,120.201986
Kaohsiung City,Niaosong District,2560,508.63,22.659755,120.381126
Kaohsiung City,Nanzi District,1225,333.52,22.726928,120.285322
Kaohsiung City,Xiaogang District,1689,272.89,22.567105,120.369255
Kaohsiung City,Maolin District,333,179.54,22.902181,120.683909
Kaohsiung City,Fengshan District,820,144.65,22.618004,120.359591
Kaohsiung City,Sanmin District,188,30.61,22.670458,120.329938
Kaohsiung City,Zuoying District,184,10.59,22.682823,120.30431
Kaohsiung City,Qianzhen District,100,8.19,22.588063,120.327593
Kaohsiung City,Gushan District,79,7.46,22.654964,120.289705
Kaohsiung City,Lingya District,26,1.47,22.620163,120.325738
Kaohsiung City,Qijin District,32,1.3,22.594035,120.282736
Kaohsiung City,Qianjin District,1,0.03,22.627778,120.294883
Kaohsiung City,Yancheng District,1,0.01,22.628203,120.286454
New Taipei City,Sanxia District,6940,2042.6,24.895865,121.409669
New Taipei City,Tamsui District,10803,1568.34,25.202354,121.466228
New Taipei City,Sanzhi District,9665,1326.14,25.241369,121.506032
New Taipei City,Xindian District,3390,822.2,24.935394,121.537646
New Taipei City,Pinglin District,4501,811.34,24.939316,121.71394
New Taipei City,Shimen District,2988,765.01,25.269766,121.563425
New Taipei City,Jinshan District,3575,700.33,25.227428,121.614731
New Taipei City,Shuangxi District,3318,609.59,25.016322,121.841867
New Taipei City,Linkou District,2579,603.87,25.102926,121.352965
New Taipei City,Wanli District,2619,569.45,25.180189,121.64352
New Taipei City,Bali District,2185,558.59,25.135103,121.409007
New Taipei City,Gongliao District,4220,513.34,25.020727,121.911623
New Taipei City,Wugu District,1376,488.73,25.103648,121.427107
New Taipei City,Shiding District,2268,434.76,24.974661,121.660723
New Taipei City,Xizhi District,1986,397.94,25.067323,121.649439
New Taipei City,Shulin District,2537,393.38,24.970037,121.395398
New Taipei City,Shenkeng District,885,307.05,25.003705,121.615898
New Taipei City,Yingge District,1857,260.86,24.949747,121.341698
New Taipei City,Tucheng District,1330,257.48,24.963578,121.448854
New Taipei City,Pingxi District,1249,158.57,25.026569,121.752358
New Taipei City,Ruifang District,1095,157.38,25.100892,121.803107
New Taipei City,Wulai District,481,117.97,24.832662,121.52651
New Taipei City,Xinzhuang District,788,106.33,25.031271,121.434395
New Taipei City,Zhonghe District,504,86.77,24.982667,121.488938
New Taipei City,Taishan District,397,70.54,25.05315,121.422585
New Taipei City,Luzhou District,456,52.05,25.09322,121.47749
New Taipei City,Banqiao District,209,36.21,25.005086,121.45008
New Taipei City,Yonghe District,56,9.32,25.007597,121.526737
New Taipei City,Sanchong District,80,5.56,25.069139,121.483654
Yilan County,Sanxing Township,18284,3913.02,24.673809,121.67378
Yilan County,Dongshan Township,14386,3057.47,24.648571,121.765992
Yilan County,Yuanshan Township,14308,2694.48,24.73373,121.702772
Yilan County,Zhuangwei Township,11848,2603.7,24.754262,121.799365
Yilan County,Jiaoxi Township,11141,2298.05,24.804146,121.774914
Yilan County,Datong Township,4311,2118.68,24.569472,121.508377
Yilan County,Wujie Township,8546,1788.84,24.691298,121.801812
Yilan County,Yilan City,7406,1452.85,24.749183,121.759282
Yilan County,Su'ao Township,4736,842.03,24.567909,121.824694
Yilan County,Toucheng Township,5619,795.64,24.845054,121.810931
Yilan County,Luodong Township,2623,448.27,24.679925,121.772971
Yilan County,Nan'ao Township,1807,408.67,24.447398,121.771817
Taoyuan City,Xinwu District,26189,5167.74,24.973148,121.066907
Taoyuan City,Guanyin District,19719,3979.61,25.017252,121.119016
Taoyuan City,Dayuan District,16817,3249.32,25.060248,121.207235
Taoyuan City,Yangmei District,14345,2905.89,24.924006,121.114397
Taoyuan City,Zhongli District,15781,2461.35,24.988779,121.202324
Taoyuan City,Luzhu District,12792,1956.4,25.048005,121.269998
Taoyuan City,Longtan District,8858,1684.21,24.85372,121.215051
Taoyuan City,Daxi District,10246,1584.13,24.888065,121.28255
Taoyuan City,Pingzhen District,9168,1443.52,24.918818,121.215418
Taoyuan City,Bade District,7377,1221.09,24.948719,121.286265
Taoyuan City,Fuxing District,2221,974.58,24.727753,121.376407
Taoyuan City,Taoyuan District,3117,574.31,24.997009,121.28642
Taoyuan City,Guishan District,1608,300.74,25.03417,121.345605
Chiayi City,West District,7007,1248.93,23.483099,120.418077
Chiayi City,East District,3116,685.01,23.485376,120.473948
Hsinchu County,Xinfeng Township,11605,2300.92,24.915403,121.004534
Hsinchu County,Guanxi Township,11323,2030.22,24.791744,121.170513
Hsinchu County,Xinpu Township,11689,1780.16,24.839351,121.090329
Hsinchu County,Zhubei City,12443,1721.67,24.84027,120.989197
Hsinchu County,Hukou Township,10125,1674.04,24.897853,121.052696
Hsinchu County,Zhudong Township,8850,1209.97,24.755723,121.061176
Hsinchu County,Jianshi Township,6721,1094.84,24.656295,121.260401
Hsinchu County,Baoshan Township,5163,1091.28,24.734333,120.992394
Hsinchu County,Qionglin Township,7480,1067.18,24.767095,121.097807
Hsinchu County,Hengshan Township,5680,1039.77,24.71216,121.140633
Hsinchu County,Emei Township,4961,950.6,24.687373,121.007597
Hsinchu County,Wufeng Township,2776,683.37,24.605292,121.121119
Hsinchu County,Beipu Township,3000,647.51,24.690352,121.06168
Miaoli County,Houlong Township,16525,2852.31,24.623715,120.787255
Miaoli County,Yuanli Township,14412,2680.27,24.411524,120.677007
Miaoli County,Zhuolan Township,7720,2465.93,24.321502,120.848206
Miaoli County,Tongxiao Township,12773,2348.2,24.482563,120.705646
Miaoli County,Dahu Township,11321,1820.3,24.388659,120.86396
Miaoli County,Gongguan Township,13834,1628.82,24.503684,120.832558
Miaoli County,Tongluo Township,9222,1353.2,24.474433,120.795627
Miaoli County,Toufen City,8107,1289.61,24.680178,120.920645
Miaoli County,Tai'an Township,4968,1116.42,24.412739,120.938353
Miaoli County,Zhunan Township,5830,1043.79,24.69523,120.873359
Miaoli County,Xihu Township,6717,898.03,24.54248,120.758819
Miaoli County,Sanwan Township,4440,828.52,24.642092,120.951126
Miaoli County,Zaoqiao Township,4894,781.89,24.633404,120.86086
Miaoli County,Sanyi Township,3921,749.22,24.382231,120.769307
Miaoli County,Miaoli City,5691,739.14,24.563777,120.816296
Miaoli County,Nanzhuang Township,3817,717.73,24.600818,120.989791
Miaoli County,Shitan Township,1894,587.14,24.515168,120.919483
Miaoli County,Touwu Township,2729,486.3,24.577383,120.869455
Nantou County,Guoxing Township,13032,5803.66,24.034789,120.861281
Nantou County,Zhushan Township,23554,5753.69,23.730499,120.697913
Nantou County,Zhongliao Township,11316,5511.55,23.905407,120.7851
Nantou County,Mingjian Township,29979,5093.64,23.850064,120.672017
Nantou County,Ren'ai Township,16073,4982.49,24.060377,121.133515
Nantou County,Puli Township,20614,4970.65,23.981987,120.952067
Nantou County,Caotun Township,23365,4522.11,23.98262,120.722948
Nantou County,Xinyi Township,12178,4005.1,23.668389,120.886868
Nantou County,Shuili Township,4996,2979.74,23.800311,120.859951
Nantou County,Yuchi Township,7008,2932.83,23.886805,120.927
Nantou County,Lugu Township,8349,2817.8,23.749019,120.770546
Nantou County,Nantou City,11094,2569.79,23.91522,120.675119
Nantou County,Jiji Township,4503,1615.56,23.837179,120.785763
Changhua County,Fangyuan Township,21532,7442.22,23.954303,120.354598
Changhua County,Erlin Township,23126,7076.46,23.91678,120.404689
Changhua County,Xizhou Township,19098,4347.05,23.830603,120.521861
Changhua County,Dacheng Township,11616,3667.23,23.856207,120.315876
Changhua County,Fuxing Township,15403,3393.63,24.029447,120.429946
Changhua County,Pitou Township,15165,3124.91,23.881991,120.466704
Changhua County,Zhutang Township,11054,3005.12,23.853086,120.414265
Changhua County,Lukang Township,12814,2918.43,24.082752,120.450477
Changhua County,Puyan Township,12751,2716.35,23.992105,120.458993
Changhua County,Hemei Township,12410,2151.08,24.112926,120.510693
Changhua County,Changhua City,10761,1891.16,24.079213,120.570329
Changhua County,Tianzhong Township,13923,1888.02,23.856065,120.583486
Changhua County,Xihu Township,10215,1818.38,23.949925,120.48421
Changhua County,Xiushui Township,8190,1793.15,24.031769,120.504245
Changhua County,Shetou Township,8201,1767.28,23.906546,120.596125
Changhua County,Shengang Township,7732,1732.95,24.164517,120.484525
Changhua County,Tianwei Township,11626,1647.34,23.901189,120.521113
Changhua County,Fenyuan Township,9660,1533.08,24.009528,120.634225
Changhua County,Dacun Township,8776,1458.18,23.991051,120.547155
Changhua County,Ershui Township,9737,1421.2,23.805479,120.625203
Changhua County,Yuanlin City,8272,1360.09,23.954327,120.587943
Changhua County,Huatan Township,6872,1339.51,24.02961,120.550199
Changhua County,Yongjing Township,9119,1249.09,23.921409,120.540446
Changhua County,Puxin Township,9170,1207.31,23.952538,120.532858
Changhua County,Xianxi Township,5142,1202.76,24.131253,120.457591
Changhua County,Beidou Township,8490,1197.42,23.866298,120.534454
Hsinchu City,Xiangshan District,6849,1120.94,24.771188,120.925724
Hsinchu City,North District,2510,360.05,24.828531,120.943228
Hsinchu City,East District,2408,359.7,24.799702,120.998353
Yunlin County,Gukeng Township,16934,7343.2,23.634696,120.582978
Yunlin County,Mailiao Township,11129,5898.41,23.782469,120.258391
Yunlin County,Yuanchang Township,19053,5651.64,23.642655,120.32763
Yunlin County,Shuilin Township,20065,5626.11,23.561992,120.235216
Yunlin County,Sihu Township,13338,5444.48,23.641277,120.210427
Yunlin County,Kouhu Township,12399,5183.49,23.573116,120.171849
Yunlin County,Erlun Township,16530,4454.57,23.791405,120.395432
Yunlin County,Douliu City,15926,4387.74,23.706731,120.547898
Yunlin County,Taixi Township,10332,4323.48,23.716909,120.206125
Yunlin County,Lunbei Township,11510,4286.51,23.778294,120.332965
Yunlin County,Huwei Township,14941,4041.97,23.716983,120.428241
Yunlin County,Citong Township,14423,3768.06,23.767453,120.527593
Yunlin County,Dongshi Township,10460,3627.82,23.696427,120.256297
Yunlin County,Tuku Township,13223,3597.72,23.691425,120.363833
Yunlin County,Dapi Township,12288,3346.61,23.64592,120.424931
Yunlin County,Xiluo Township,12696,3251.64,23.775572,120.457252
Yunlin County,Dounan Township,11364,3121.88,23.668938,120.483923
Yunlin County,Beigang Township,8795,2806.66,23.595162,120.292862
Yunlin County,Baozhong Township,5986,2749.63,23.717112,120.31248
Yunlin County,Linnei Township,10922,2125.67,23.758864,120.604055
Chiayi County,Zhongpu Township,22424,7691.33,23.407296,120.534742
Chiayi County,Yizhu Township,16451,6108.15,23.347147,120.22457
Chiayi County,Dongshi Township,15372,5689.28,23.469329,120.173592
Chiayi County,Zhuqi Township,17182,5576.32,23.506551,120.569584
Chiayi County,Budai Township,10503,5433.32,23.377032,120.181611
Chiayi County,Minxiong Township,21878,5068.48,23.544506,120.438497
Chiayi County,Xingang Township,18134,4973.83,23.54658,120.347998
Chiayi County,Taibao City,15458,4699.04,23.472052,120.342402
Chiayi County,Liujiao Township,16147,4527.75,23.509482,120.27128
Chiayi County,Lucao Township,11649,4112.43,23.408318,120.303797
Chiayi County,Shuishang Township,13539,4097.05,23.430349,120.406449
Chiayi County,Meishan Township,11696,4021.58,23.56057,120.612288
Chiayi County,Dalin Township,13881,3707.15,23.602021,120.477333
Chiayi County,Puzi City,12863,3694.73,23.443781,120.253127
Chiayi County,Fanlu Township,9159,3502.03,23.435208,120.603427
Chiayi County,Xikou Township,9767,2468.93,23.59289,120.400741
Chiayi County,Dapu Township,2690,1609.45,23.301455,120.588758
Chiayi County,Alishan Township,7708,1454.42,23.40996,120.709883
Pingtung County,Gaoshu Township,24150,5675.99,22.806621,120.602929
Pingtung County,Neipu Township,15020,5527.25,22.652292,120.587413
Pingtung County,Wanluan Township,13061,4751.97,22.581041,120.601035
Pingtung County,Fangliao Township,10781,4338.31,22.404469,120.598332
Pingtung County,Wandan Township,18057,4268.79,22.588103,120.478632
Pingtung County,Xinpi Township,8899,4198.46,22.487762,120.583007
Pingtung County,Yanpu Township,11645,4130.96,22.742008,120.565741
Pingtung County,Hengchun Township,11455,3857.92,21.987079,120.742746
Pingtung County,Ligang Township,11564,3523.6,22.798168,120.503012
Pingtung County,Changzhi Township,9194,3487.43,22.694576,120.558388
Pingtung County,Chaozhou Township,7914,3003.94,22.535307,120.560498
Pingtung County,Jiuru Township,9277,2994.55,22.733565,120.488559
Pingtung County,Pingtung City,10775,2721.72,22.659524,120.48316
Pingtung County,Xinyuan Township,10596,2667.9,22.519814,120.451821
Pingtung County,Jiadong Township,9759,2034.52,22.429422,120.548512
Pingtung County,Kanding Township,6404,1904.7,22.515173,120.501677
Pingtung County,Zhutian Township,7169,1890.44,22.590124,120.527237
Pingtung County,Nanzhou Township,5013,1493.54,22.479043,120.518545
Pingtung County,Sandimen Township,2164,1436.35,22.77036,120.649203
Pingtung County,Manzhou Township,2833,1400.08,22.038048,120.831105
Pingtung County,Shizi Township,1907,1336.09,22.263734,120.684494
Pingtung County,Donggang Township,4685,1327.63,22.467808,120.480846
Pingtung County,Laiyi Township,2929,1183.38,22.491501,120.64299
Pingtung County,Linbian Township,3521,1056.04,22.443019,120.512653
Pingtung County,Linluo Township,3238,1003.66,22.648413,120.529701
Pingtung County,Checheng Township,5100,975.7,22.075831,120.728569
Pingtung County,Fangshan Township,2858,834.25,22.274314,120.656486
Pingtung County,Chunri Township,901,723.25,22.391922,120.641856
Pingtung County,Taiwu Township,1210,630.72,22.596209,120.651454
Pingtung County,Mudan Township,1073,416.39,22.149433,120.813017
Pingtung County,Majia Township,430,284.5,22.667952,120.653583
Pingtung County,Wutai Township,205,92.19,22.752297,120.733091
Pingtung County,Liuqiu Township,610,45.4,22.342641,120.37089
Hualien County,Fenglin Township,11993,7520.97,23.743188,121.466219
Hualien County,Yuli Township,20876,6262.96,23.371744,121.348228
Hualien County,Shoufeng Township,12313,5979.97,23.857285,121.519299
Hualien County,Guangfu Township,10327,5319.99,23.642013,121.419509
Hualien County,Ruisui Township,11879,4495.46,23.519575,121.380357
Hualien County,Fuli Township,17860,4004.63,23.20693,121.279757
Hualien County,Ji'an Township,14972,2576.11,23.953973,121.566406
Hualien County,Wanrong Township,4146,1853.52,23.658658,121.388837
Hualien County,Zhuoxi Township,3248,1678.13,23.331622,121.279086
Hualien County,Xiulin Township,3173,1334.85,24.057276,121.562358
Hualien County,Fengbin Township,4268,892.24,23.588365,121.514896
Hualien County,Xincheng Township,2780,849.96,24.067534,121.614161
Hualien County,Hualien City,1927,458.42,24.001497,121.597512
Taitung County,Taitung City,18098,5341.15,22.747278,121.100755
Taitung County,Beinan Township,10774,4250.37,22.817372,121.095724
Taitung County,Luye Township,11668,3055.78,22.945932,121.141766
Taitung County,Donghe Township,10533,2902.83,22.952108,121.255043
Taitung County,Chishang Township,9054,2894.06,23.105341,121.210107
Taitung County,Guanshan Township,10153,2665.67,23.047604,121.170529
Taitung County,Taimali Township,5832,2507.79,22.620624,120.996438
Taitung County,Changbin Township,11181,2144.41,23.325712,121.440768
Taitung County,Chenggong Township,11945,1900.2,23.102307,121.362838
Taitung County,Haiduan Township,2656,1192.85,23.109411,121.132302
Taitung County,Yanping Township,3005,1088.91,22.908591,121.111411
Taitung County,Jinfeng Township,2074,1007.31,22.614192,120.959279
Taitung County,Daren Township,1680,740.05,22.413796,120.881513
Taitung County,Dawu Township,1285,546.4,22.378676,120.899171
Taitung County,Lanyu Township,2183,209.96,22.05169,121.546155
Taitung County,Ludao Township,379,53.77,22.665833,121.486141
