type,county_en,original_zh,english
supplier,Nantou County,三和農業資材有限公司,"Sanhe Agricultural Supplies Co., Ltd."
supplier,Nantou County,久和製粒股份有限公司,"Jiuhe Granulation Co., Ltd."
supplier,Nantou County,久安股份有限公司,"Jiu'an Co., Ltd."
supplier,Nantou County,冠肥股份有限公司,"Guanfei Co., Ltd."
supplier,Nantou County,天一生化廠,Tianyi Biochemical Plant
supplier,Nantou County,正瀚生技股份有限公司,"Zhenghan Biotech Co., Ltd."
supplier,Nantou County,農馬能源科技有限公司,"Nongma Energy Technology Co., Ltd."
supplier,Nantou County,凃氏牧場,Tu's Ranch
supplier,Nantou County,大倫貿易有限公司,"Dalun Trading Co., Ltd."
supplier,Nantou County,松圃農業生物科技有限公司,"Songpu Agricultural Biotechnology Co., Ltd."
supplier,Nantou County,東峽企業社,Dongxia Enterprise
supplier,Nantou County,欣農發實業股份有限公司,"Xinnongfa Industrial Co., Ltd."
supplier,Nantou County,農基生物科技有限公司,"Nongji Biotechnology Co., Ltd."
supplier,Nantou County,日月煤礦化工股份有限公司,"Riyue Coal Mining & Chemical Co., Ltd."
supplier,Nantou County,天地人生態農業開發有限公司,"Tiandiren Eco-Agriculture Development Co., Ltd."
supplier,Taichung City,儂泰貿易有限公司,"Nongtai Trading Co., Ltd."
supplier,Taichung City,台灣百獅股份有限公司,"Taiwan Baishi Co., Ltd."
supplier,Taichung City,威玖生技有限公司,"Weijiu Biotech Co., Ltd."
supplier,Taichung City,綠瑩生物科技有限公司,"Luying Biotechnology Co., Ltd."
supplier,Taichung City,豐暘開發有限公司,"Fengyang Development Co., Ltd."
supplier,Taichung City,台灣科研生物技術有限公司,"Taiwan Keyan Biotechnology Co., Ltd."
supplier,Taichung City,同吉樹苗場,Tongji Tree Nursery
supplier,Taichung City,地球村生態有限公司,"Diqiucun Ecology Co., Ltd."
supplier,Taichung City,源豪有限公司,"Yuanhao Co., Ltd."
supplier,Taichung City,穗茂企業有限公司,"Suimao Enterprise Co., Ltd."
supplier,Taichung City,綠林生物科技股份有限公司,"Lulin Biotechnology Co., Ltd."
supplier,Taichung City,綠王股份有限公司,"Luwang Co., Ltd."
supplier,Taichung City,聯合農化股份有限公司,"Lianhe Agrochemical Co., Ltd."
supplier,Taichung City,中興農業化學有限公司,"Zhongxing Agriculture Chemical Co., Ltd."
supplier,Taichung City,橘子王生技股份有限公司,"Juziwang Biotech Co., Ltd."
supplier,Taichung City,海博生技股份有限公司,"Haibo Biotech Co., Ltd."
supplier,Taichung City,風和日麗有限公司,"Fengherili Co., Ltd."
supplier,Taichung City,上紘股份有限公司,"Shanghong Co., Ltd."
supplier,Taichung City,綠津生物科技有限公司,"Lujin Biotechnology Co., Ltd."
supplier,Taichung City,蒂興企業廠,Dixing Enterprise Factory
supplier,Taichung City,樺茂科技股份有限公司,"Huamao Technology Co., Ltd."
supplier,Taichung City,台灣傑康農業科技股份有限公司,"Taiwan Jiekang Agri-Tech Co., Ltd."
supplier,Taichung City,台茂寬騰生技股份有限公司,"Taimao Kuanteng Biotech Co., Ltd."
supplier,Taichung City,台速生科企業有限公司,"Taisu Bioscience Enterprise Co., Ltd."
supplier,Taichung City,綠寶生物科技股份有限公司,"Lubao Biotechnology Co., Ltd."
supplier,Taichung City,興農股份有限公司,Sinon Corporation
supplier,Taichung City,喜多生物科技事業有限公司,"Xiduo Biotechnology Enterprise Co., Ltd."
supplier,Taichung City,富山農化工廠,Fushan Agrochemical Factory
supplier,Taichung City,微綠有限公司,"Weilu Co., Ltd."
supplier,Taichung City,正懋園藝行,Zhengmao Horticulture Trading
supplier,Taichung City,農本貿易有限公司,"Nongben Trading Co., Ltd."
supplier,Taichung City,億軒農業生技有限公司,"Yixuan Agri-Biotech Co., Ltd."
supplier,Taichung City,功力化學工業股份有限公司,"Gongli Chemical Industry Co., Ltd."
supplier,Taichung City,包羅有限公司,"Baoluo Co., Ltd."
supplier,Taichung City,合力生企業有限公司,"Helisheng Enterprise Co., Ltd."
supplier,Taichung City,御農生物科技有限公司,"Yunong Biotechnology Co., Ltd."
supplier,Taichung City,德林農業資材行,Delin Agricultural Supplies Trading
supplier,Taichung City,杰人植物營養有限公司,"Jieren Plant Nutrition Co., Ltd."
supplier,Taichung City,柏峰生化科技有限公司,"Bofeng Biochemical Technology Co., Ltd."
supplier,Taichung City,保證責任台中縣中興合作農場,Taichung County Zhongxing Cooperative Farm
supplier,Taichung City,凱穡農業技術有限公司,"Kaise Agricultural Technology Co., Ltd."
supplier,Taichung City,松宝有限公司,"Songbao Co., Ltd."
supplier,Taichung City,金德堆肥場實業有限公司,"Jinde Composting Plant Industrial Co., Ltd."
supplier,Taichung City,五葉肥料股份有限公司,"Wuye Fertilizer Co., Ltd."
supplier,Taichung City,嘉洵生物科技有限公司,"Jiaxun Biotechnology Co., Ltd."
supplier,Taichung City,國鼎肥料有限公司,"Guoding Fertilizer Co., Ltd."
supplier,Taichung City,宏揚化工股份有限公司,"Hongyang Chemical Co., Ltd."
supplier,Taichung City,摩天嶺貿易有限公司,"Motianling Trading Co., Ltd."
supplier,Taichung City,未來農業科技有限公司,"Weilai Agri-Tech Co., Ltd."
supplier,Taichung City,瑨禕有限公司,"Jinyi Co., Ltd."
supplier,Taichung City,舒伯國際有限公司,"Shubo International Co., Ltd."
supplier,Taichung City,豐沛生物科技有限公司,"Fengpei Biotechnology Co., Ltd."
supplier,Taichung City,邦誠國際有限公司,"Bangcheng International Co., Ltd."
supplier,Taichung City,陽山貿易股份有限公司,"Yangshan Trading Co., Ltd."
supplier,Taichung City,修禾企業有限公司,"Xiuhe Enterprise Co., Ltd."
supplier,Taichung City,再生科技農業股份有限公司,"Zaisheng Technology Agriculture Co., Ltd."
supplier,Taichung City,玖育生化科技有限公司,"Jiuyu Biochemical Technology Co., Ltd."
supplier,Taichung City,菁修企業有限公司,"Jingxiu Enterprise Co., Ltd."
supplier,Taichung City,元泰豐科技股份有限公司,"Yuantaifeng Technology Co., Ltd."
supplier,Taichung City,台灣肥料股份有限公司台中廠,"Taiwan Fertilizer Co., Ltd. – Taichung Plant"
supplier,Taichung City,東海生物科技股份有限公司,"Donghai Biotechnology Co., Ltd."
supplier,Taichung City,禾康肥料股份有限公司,"Hekang Fertilizer Co., Ltd."
supplier,Taichung City,肥泥克事企業有限公司,"Feinikeshi Enterprise Co., Ltd."
supplier,Taichung City,味丹企業股份有限公司,Vedan Enterprise Corporation
supplier,Taichung City,福壽實業股份有限公司,"Fwusow Industry Co., Ltd."
supplier,Taichung City,元成化工原料股份有限公司,"Yuancheng Chemical Materials Co., Ltd."
supplier,Taichung City,樟發貿易有限公司,"Zhangfa Trading Co., Ltd."
supplier,Taichung City,能升化工有限公司,"Nengsheng Chemical Co., Ltd."
supplier,Taichung City,陸雄機械工業股份有限公司,"Luxiong Machinery Co., Ltd."
supplier,Taichung City,森富旺環保生物科技有限公司,"Senfuwang Environmental Biotechnology Co., Ltd."
supplier,Taichung City,豐新化工實業社,Fengxin Chemical Industrial Co.
supplier,Taichung City,大容園藝景觀有限公司,"Darong Landscaping Co., Ltd."
supplier,Taichung City,漢寶農畜產企業股份有限公司,"Hanbao Agricultural & Livestock Products Enterprise Co., Ltd."
supplier,Taichung City,四益科技有限公司,"Siyi Technology Co., Ltd."
supplier,Taichung City,益元農股份有限公司,"Yiyuannong Co., Ltd."
supplier,Taichung City,萬豐盛鑫生物科技有限公司,"Wanfengshengxin Biotechnology Co., Ltd."
supplier,Taichung City,三富化工廠,Sanfu Chemical Plant
supplier,Taichung City,台灣塔尼生物科技股份有限公司,"Taiwan Tani Biotechnology Co., Ltd."
supplier,Taichung City,台灣瑪斯德股份有限公司,"Taiwan Maside Co., Ltd."
supplier,Taichung City,台速化工產業廠,Taisu Chemical Industries Plant
supplier,Taichung City,台鎔企業股份有限公司,"Tairong Enterprise Co., Ltd."
supplier,Taichung City,敬豐行農業資材有限公司,"Jingfenghang Agricultural Supplies Co., Ltd."
supplier,Taichung City,普生生物科技股份有限公司,"Pusheng Biotechnology Co., Ltd."
supplier,Taichung City,佳禾作物科學股份有限公司,"Jiahe Crop Science Co., Ltd."
supplier,Taichung City,台灣富美實有限公司,FMC Taiwan Ltd.
supplier,Taichung City,台灣智能農業科技股份有限公司,"Taiwan Smart Agri-Tech Co., Ltd."
supplier,Taichung City,寰宏農業科技股份有限公司,"Huanhong Agri-Tech Co., Ltd."
supplier,Taichung City,岩隆國際貿易有限公司,"Yanlong International Trading Co., Ltd."
supplier,Taichung City,皓鎂科技有限公司,"Haomei Technology Co., Ltd."
supplier,Taichung City,秸群國際生技有限公司,"Jiequn International Biotech Co., Ltd."
supplier,Taichung City,臺中市政府環境保護局,Taichung City Environmental Protection Bureau
supplier,Taichung City,農苑生物科技股份有限公司,"Nongyuan Biotechnology Co., Ltd."
supplier,Taichung City,雋農實業股份有限公司,"Juannong Industrial Co., Ltd."
supplier,Taichung City,佳果多實業有限公司,"Jiaguoduo Industrial Co., Ltd."
supplier,Taichung City,德城行有限公司,"Dechenghang Co., Ltd."
supplier,Taichung City,慧春實業股份有限公司,"Huichun Industrial Co., Ltd."
supplier,Taichung City,新峰生物科技股份有限公司,"Xinfeng Biotechnology Co., Ltd."
supplier,Taichung City,春源企業有限公司,"Chunyuan Enterprise Co., Ltd."
supplier,Taichung City,暉暘國際有限公司,"Huiyang International Co., Ltd."
supplier,Taichung City,東精生物科技有限公司,"Dongjing Biotechnology Co., Ltd."
supplier,Taichung City,沅渼生物科技股份有限公司,"Yuanmei Biotechnology Co., Ltd."
supplier,Taichung City,玉豐化工實業社,Yufeng Chemical Industrial Co.
supplier,Taichung City,瑞昌化工廠有限公司,"Ruichang Chemical Plant Co., Ltd."
supplier,Taichung City,生農生物科技,Shengnong Biotechnology
supplier,Taichung City,皇威有限公司,"Huangwei Co., Ltd."
supplier,Taichung City,聯立生技有限公司,"Lianli Biotech Co., Ltd."
supplier,Taichung City,大益貿易股份有限公司,"Dayi Trading Co., Ltd."
supplier,Taichung City,富耕精製肥料股份有限公司,"Fugeng Refined Fertilizer Co., Ltd."
supplier,Taichung City,明星佳農有限公司,"Mingxing Jianong Co., Ltd."
supplier,Taichung City,綠誼股份有限公司,"Luyi Co., Ltd."
supplier,Taichung City,豐本生物科技股份有限公司,"Fengben Biotechnology Co., Ltd."
supplier,Taipei City,佳集貿易股份有限公司,"Jiaji Trading Co., Ltd."
supplier,Taipei City,六和化工股份有限公司,"Liuhe Chemical Co., Ltd."
supplier,Taipei City,台灣丸紅股份有限公司,"Marubeni Taiwan Co., Ltd."
supplier,Taipei City,台灣巴斯夫股份有限公司,BASF Taiwan Ltd.
supplier,Taipei City,台灣庵原農藥股份有限公司,"Ihara Taiwan Pesticide Co., Ltd."
supplier,Taipei City,台灣意農農業科學有限公司,"Taiwan Yinong Agricultural Science Co., Ltd."
supplier,Taipei City,台灣昭光貿易股份有限公司,"Taiwan Zhaoguang Trading Co., Ltd."
supplier,Taipei City,台石股份有限公司,"Taishi Co., Ltd."
supplier,Taipei City,嘉農企業股份有限公司,"Jianong Enterprise Co., Ltd."
supplier,Taipei City,寶民貿易股份有限公司,"Baomin Trading Co., Ltd."
supplier,Taipei City,應群實業有限公司,"Yingqun Industrial Co., Ltd."
supplier,Taipei City,新光綠宝股份有限公司,"Xinguanglubao Co., Ltd."
supplier,Taipei City,明篁股份有限公司,"Minghuang Co., Ltd."
supplier,Taipei City,東糖能源服務股份有限公司,"Dongtang Energy Services Co., Ltd."
supplier,Taipei City,瑞繐股份有限公司,"Ruisui Co., Ltd."
supplier,Taipei City,環宇新境有限公司,"Huanyu Xinjing Co., Ltd."
supplier,Taipei City,穗曄實業股份有限公司,"Suiye Industrial Co., Ltd."
supplier,Taipei City,蒙狄生股份有限公司,"Mengdisheng Co., Ltd."
supplier,Taipei City,貝民股份有限公司,"Beimin Co., Ltd."
supplier,Taipei City,輝藥農業科技股份有限公司,"Huiyao Agri-Tech Co., Ltd."
supplier,Taipei City,青上化工廠股份有限公司,"Qingshang Chemical Plant Co., Ltd."
supplier,Taipei City,青山貿易有限公司,"Qingshan Trading Co., Ltd."
supplier,Taipei City,高事達農化有限公司,"Gaoshida Agrochemical Co., Ltd."
supplier,Taipei City,鷹輝有限公司,"Yinghui Co., Ltd."
supplier,Taipei City,富晁國際有限公司,"Fuchao International Co., Ltd."
supplier,Taipei City,拓源有限公司,"Tuoyuan Co., Ltd."
supplier,Taipei City,京聯實業有限公司,"Jinglian Industrial Co., Ltd."
supplier,Taipei City,台灣拜耳股份有限公司,"Bayer Taiwan Co., Ltd."
supplier,Taipei City,季新企業有限公司,"Jixin Enterprise Co., Ltd."
supplier,Taipei City,安德富實業有限公司,"Andefu Industrial Co., Ltd."
supplier,Taipei City,台朔環保科技股份有限公司,"Taishuo Environmental Technology Co., Ltd."
supplier,Taipei City,好事循環科技股份有限公司,"Haoshi Circular Technology Co., Ltd."
supplier,Taipei City,威群國際有限公司,"Weiqun International Co., Ltd."
supplier,Taipei City,寶成貿易股份有限公司,"Baocheng Trading Co., Ltd."
supplier,Taipei City,渤德事業股份有限公司,"Bode Enterprise Co., Ltd."
supplier,Taipei City,臺北市政府環境保護局內湖垃圾焚化廠,Taipei City Dept. of Environmental Protection – Neihu Refuse Incineration Plant
supplier,Taipei City,達通國際興業有限公司,"Datong International Industrial Co., Ltd."
supplier,Taipei City,承佑園藝設計有限公司,"Chengyou Garden Design Co., Ltd."
supplier,Taipei City,立展農業科技股份有限公司,"Lizhan Agri-Tech Co., Ltd."
supplier,Taipei City,臺北市政府環境保護局北投垃圾焚化廠,Taipei City Dept. of Environmental Protection – Beitou Refuse Incineration Plant
supplier,Taipei City,台灣肥料股份有限公司,"Taiwan Fertilizer Co., Ltd."
supplier,Taipei City,培豐科技股份有限公司,"Peifeng Technology Co., Ltd."
supplier,Taipei City,拓治股份有限公司,"Tuozhi Co., Ltd."
supplier,Taipei City,台和園藝企業股份有限公司,"Taihe Horticulture Enterprise Co., Ltd."
supplier,Taipei City,尚恩材料科技有限公司,"Shang'en Materials Technology Co., Ltd."
supplier,Taipei City,星芝國際農業科技有限公司,"Xingzhi International Agri-Tech Co., Ltd."
supplier,Taipei City,正煌有限公司,"Zhenghuang Co., Ltd."
supplier,Taipei City,佳和農化企業有限公司,"Jiahe Agrochemical Enterprise Co., Ltd."
supplier,Taipei City,台灣龍燈股份有限公司,"Rotam Taiwan Co., Ltd."
supplier,Taipei City,日佳農葯股份有限公司,"Rijia Pesticide Co., Ltd."
supplier,Taipei City,深根農業科技股份有限公司,"Shengen Agri-Tech Co., Ltd."
supplier,Taipei City,義美食品股份有限公司,"I-Mei Foods Co., Ltd."
supplier,Taipei City,頤安國際有限公司,"Yi'an International Co., Ltd."
supplier,Taipei City,上品王食品股份有限公司,"Shangpinwang Foods Co., Ltd."
supplier,Taipei City,佳農生技有限公司,"Jianong Biotech Co., Ltd."
supplier,Taipei City,元霖實業有限公司,"Yuanlin Industrial Co., Ltd."
supplier,Taipei City,力華貿易股份有限公司,"Lihua Trading Co., Ltd."
supplier,Taipei City,友源貿易股份有限公司,"Youyuan Trading Co., Ltd."
supplier,Taipei City,日商東邦利昂股份有限公司台灣分公司,"Toho Leon Co., Ltd. (Japan) – Taiwan Branch"
supplier,Taipei City,東南實業股份有限公司,"Dongnan Industrial Co., Ltd."
supplier,Taipei City,欣慶有限公司,"Xinqing Co., Ltd."
supplier,Taipei City,勇生企業有限公司,"Yongsheng Enterprise Co., Ltd."
supplier,Taipei City,臺北市政府環境保護局木柵垃圾焚化廠,Taipei City Dept. of Environmental Protection – Muzha Refuse Incineration Plant
supplier,Taipei City,久農貿易有限公司,"Jiunong Trading Co., Ltd."
supplier,Taipei City,伍維貿易有限公司,"Wuwei Trading Co., Ltd."
supplier,Taipei City,台灣先正達股份有限公司,Syngenta Taiwan Ltd.
supplier,Taipei City,台灣日產化工股份有限公司,"Nissan Chemical Taiwan Co., Ltd."
supplier,Taipei City,大漢園景科技有限公司,"Dahan Landscape Technology Co., Ltd."
supplier,Taipei City,大益農業科技股份有限公司,"Dayi Agri-Tech Co., Ltd."
supplier,Taipei City,弘友股份有限公司,"Hongyou Co., Ltd."
supplier,Taipei City,易利特開發有限公司,"Yilite Development Co., Ltd."
supplier,Taipei City,東鋒股份有限公司,"Dongfeng Co., Ltd."
supplier,Taipei City,瑞荷園藝有限公司,"Ruihe Horticulture Co., Ltd."
supplier,Taipei City,福埠實業股份有限公司,"Fubu Industrial Co., Ltd."
supplier,Taipei City,禪益貿易有限公司,"Chanyi Trading Co., Ltd."
supplier,Taipei City,育禾化學興業有限公司,"Yuhe Chemical Industrial Co., Ltd."
supplier,Taipei City,英屬開曼群島商全宇生技控股有限公司台灣分公司,Allied Biotech Holdings (Cayman) – Taiwan Branch
supplier,Taipei City,協發石業有限公司,"Xiefa Stone Co., Ltd."
supplier,Taipei City,名方有限公司,"Mingfang Co., Ltd."
supplier,Taipei City,喜世傑興業有限公司,"Xishijie Industrial Co., Ltd."
supplier,Taipei City,大勝化學工業股份有限公司,"Dasheng Chemical Industry Co., Ltd."
supplier,Taipei City,日寶生化有限公司,"Ribao Biochemical Co., Ltd."
supplier,Tainan City,安妥工業股份有限公司,"Antuo Industrial Co., Ltd."
supplier,Tainan City,可杰自動化有限公司,"Kejie Automation Co., Ltd."
supplier,Tainan City,廣威隆股份有限公司,"Guangweilong Co., Ltd."
supplier,Tainan City,恒欣股份有限公司,"Hengxin Co., Ltd."
supplier,Tainan City,昶安奈米應用生技有限公司,"Chang'an Nano Biotech Co., Ltd."
supplier,Tainan City,正歆有限公司,"Zhengxin Co., Ltd."
supplier,Tainan City,特欣股份有限公司,"Texin Co., Ltd."
supplier,Tainan City,益欣股份有限公司,"Yixin Co., Ltd."
supplier,Tainan City,庄仔肥料有限公司,"Zhuangzai Fertilizer Co., Ltd."
supplier,Tainan City,水平生技有限公司,"Shuiping Biotech Co., Ltd."
supplier,Tainan City,永順興牧場附設堆肥場,Yongshunxing Ranch – Composting Plant
supplier,Tainan City,興大園藝事業社,Xingda Horticulture Co.
supplier,Tainan City,永大旺生物科技股份有限公司,"Yongdawang Biotechnology Co., Ltd."
supplier,Tainan City,綠馨興業有限公司,"Luxin Industrial Co., Ltd."
supplier,Tainan City,台灣糖業股份有限公司台南區處,Taiwan Sugar Corporation – Tainan Regional Office
supplier,Tainan City,大陸種苗有限公司,"Dalu Seed Co., Ltd."
supplier,Tainan City,翔鹿股份有限公司,"Xianglu Co., Ltd."
supplier,Tainan City,東成飼料股份有限公司,"Dongcheng Feed Co., Ltd."
supplier,Tainan City,豐苗生物科技股份有限公司,"Fengmiao Biotechnology Co., Ltd."
supplier,Tainan City,金威生物科技股份有限公司,"Jinwei Biotechnology Co., Ltd."
supplier,Tainan City,有登企業有限公司,"Youdeng Enterprise Co., Ltd."
supplier,Tainan City,藝林資材實業有限公司,"Yilin Supplies Industrial Co., Ltd."
supplier,Tainan City,威勝肥料實業,Weisheng Fertilizer Industrial
supplier,Tainan City,長發實業股份有限公司,"Changfa Industrial Co., Ltd."
supplier,Tainan City,吾肥土農業生技股份有限公司,"Wufeitu Agri-Biotech Co., Ltd."
supplier,Tainan City,新世發肥料有限公司,"Xinshifa Fertilizer Co., Ltd."
supplier,Tainan City,百地富生物科技有限公司,"Baidifu Biotechnology Co., Ltd."
supplier,Tainan City,台系生物科技有限公司,"Taixi Biotechnology Co., Ltd."
supplier,Tainan City,仁維國際股份有限公司,"Renwei International Co., Ltd."
supplier,Tainan City,騵大科技股份有限公司,"Yuanda Technology Co., Ltd."
supplier,Tainan City,冠響企業有限公司,"Guanxiang Enterprise Co., Ltd."
supplier,Tainan City,台灣糖業股份有限公司,Taiwan Sugar Corporation
supplier,Tainan City,瑋紘生物科技股份有限公司,"Weihong Biotechnology Co., Ltd."
supplier,Tainan City,臺南市政府環境保護局,Tainan City Environmental Protection Bureau
supplier,Tainan City,嶺先興業股份有限公司,"Lingxian Industrial Co., Ltd."
supplier,Tainan City,田洋肥料企業行,Tianyang Fertilizer Enterprise
supplier,Tainan City,台灣糖業股份有限公司新營副產加工廠,Taiwan Sugar Corporation – Xinying By-Products Plant
supplier,Tainan City,欣農農牧企業社,Xinnong Agri-Livestock Enterprise
supplier,Tainan City,永享生物科技有限公司,"Yongxiang Biotechnology Co., Ltd."
supplier,Tainan City,富聚生技有限公司,"Fuju Biotech Co., Ltd."
supplier,Tainan City,群峰興業股份有限公司,"Qunfeng Industrial Co., Ltd."
supplier,Tainan City,興泰畜牧場,Xingtai Livestock Farm
supplier,Tainan City,嘉宸環保科技有限公司,"Jiachen Environmental Technology Co., Ltd."
supplier,Tainan City,大成長城企業股份有限公司,DaChan Great Wall Group
supplier,Tainan City,農作發生物科技股份有限公司,"Nongzuofa Biotechnology Co., Ltd."
supplier,Tainan City,農友化工廠股份有限公司,"Nongyou Chemical Plant Co., Ltd."
supplier,Tainan City,鑫群貿易有限公司,"Xinqun Trading Co., Ltd."
supplier,Tainan City,志昌企業股份有限公司,"Zhichang Enterprise Co., Ltd."
supplier,Tainan City,田洋特殊肥料有限公司,"Tianyang Specialty Fertilizer Co., Ltd."
supplier,Tainan City,迪米克股份有限公司,"Dimike Co., Ltd."
supplier,Tainan City,優創農業科技股份有限公司,"Youchuang Agri-Tech Co., Ltd."
supplier,Tainan City,崇容實業,Chongrong Industrial
supplier,Tainan City,旭光生物科技有限公司,"Xuguang Biotechnology Co., Ltd."
supplier,Tainan City,惠光股份有限公司,Hui Kwang Corporation
supplier,Tainan City,浩成農牧生技有限公司,"Haocheng Agri-Livestock Biotech Co., Ltd."
supplier,Taitung County,億統堆肥場,Yitong Composting Plant
supplier,Taitung County,億統牧場,Yitong Ranch
supplier,Taitung County,向陽礦業股份有限公司,"Xiangyang Mining Co., Ltd."
supplier,Taitung County,永宸牧場,Yongchen Ranch
supplier,Taitung County,加和牧場,Jiahe Ranch
supplier,Taitung County,後山有機肥料有限公司,"Houshan Organic Fertilizer Co., Ltd."
supplier,Chiayi City,吉本化工有限公司,"Jiben Chemical Co., Ltd."
supplier,Chiayi City,宏祐實業股份有限公司,"Hongyou Industrial Co., Ltd."
supplier,Chiayi City,立可達農產品開發有限公司,"Likeda Agricultural Products Development Co., Ltd."
supplier,Chiayi City,綠森林生物科技股份有限公司,"Lusenlin Biotechnology Co., Ltd."
supplier,Chiayi City,英久環保科技有限公司,"Yingjiu Environmental Technology Co., Ltd."
supplier,Chiayi City,中華土壤改良股份有限公司,"Zhonghua Soil Improvement Co., Ltd."
supplier,Chiayi City,仙農有限公司,"Xiannong Co., Ltd."
supplier,Chiayi City,嘉義縣農會,Chiayi County Farmers' Association
supplier,Chiayi City,恒達貿易有限公司,"Hengda Trading Co., Ltd."
supplier,Chiayi City,瑞泓生技有限公司,"Ruihong Biotech Co., Ltd."
supplier,Chiayi City,長岡化工股份有限公司,"Changgang Chemical Co., Ltd."
supplier,Chiayi City,陸翔實業有限公司,"Luxiang Industrial Co., Ltd."
supplier,Chiayi County,旭翔生物農業科技股份有限公司,"Xuxiang Bio-Agriculture Technology Co., Ltd."
supplier,Chiayi County,豐展企業行,Fengzhan Enterprise
supplier,Chiayi County,長興生物科技股份有限公司,"Changxing Biotechnology Co., Ltd."
supplier,Chiayi County,新開有機肥料有限公司,"Xinkai Organic Fertilizer Co., Ltd."
supplier,Chiayi County,良農現代化農業科技股份有限公司,"Liangnong Modern Agri-Tech Co., Ltd."
supplier,Chiayi County,加健企業有限公司,"Jiajian Enterprise Co., Ltd."
supplier,Chiayi County,赫爾曼貿易有限公司,"Heerman Trading Co., Ltd."
supplier,Chiayi County,禾旺農品有限公司,"Hewang Agri-Products Co., Ltd."
supplier,Chiayi County,保證責任嘉義縣東石合作農場,Chiayi County Dongshi Cooperative Farm
supplier,Chiayi County,嘉義縣民雄鄉公所,"Minxiong Township Office, Chiayi County"
supplier,Chiayi County,宏美企業股份有限公司,"Hongmei Enterprise Co., Ltd."
supplier,Chiayi County,新安農農化工廠,Xin'annong Agrochemical Factory
supplier,Chiayi County,聯勝堆肥場,Liansheng Composting Plant
supplier,Chiayi County,陽田生物科技股份有限公司,"Yangtian Biotechnology Co., Ltd."
supplier,Chiayi County,意豐城文創有限公司,"Yifengcheng Creative Co., Ltd."
supplier,Chiayi County,田園生物科技有限公司,"Tianyuan Biotechnology Co., Ltd."
supplier,Chiayi County,太子飼料股份有限公司,"Taizi Feed Co., Ltd."
supplier,Chiayi County,博堯生物科技股份有限公司,"Boyao Biotechnology Co., Ltd."
supplier,Chiayi County,農加貿易有限公司,"Nongjia Trading Co., Ltd."
supplier,Keelung City,泛德利實業有限公司,"Fandeli Industrial Co., Ltd."
supplier,Keelung City,青禾貿易有限公司,"Qinghe Trading Co., Ltd."
supplier,Yilan County,宜蘭縣三星鄉公所,"Sanxing Township Office, Yilan County"
supplier,Yilan County,宜蘭縣政府環境保護局,Yilan County Environmental Protection Bureau
supplier,Yilan County,新德記農業生技有限公司,"Xindeji Agri-Biotech Co., Ltd."
supplier,Yilan County,靖達生物科技股份有限公司,"Jingda Biotechnology Co., Ltd."
supplier,Yilan County,豐業工業股份有限公司,"Fengye Industrial Co., Ltd."
supplier,Yilan County,宜蘭縣羅東鎮公所,"Luodong Township Office, Yilan County"
supplier,Yilan County,公昌工礦股份有限公司,"Gongchang Mining & Industrial Co., Ltd."
supplier,Yilan County,吉富農綠金生技股份有限公司,"Jifunong Lujin Biotech Co., Ltd."
supplier,Yilan County,華東化工股份有限公司,"Huadong Chemical Co., Ltd."
supplier,Pingtung County,台農生物科技股份有限公司,"Tainong Biotechnology Co., Ltd."
supplier,Pingtung County,嘉昕生物科技有限公司,"Jiaxin Biotechnology Co., Ltd."
supplier,Pingtung County,格林恒業股份有限公司,"Gelin Hengye Co., Ltd."
supplier,Pingtung County,加濱有限公司,"Jiabin Co., Ltd."
supplier,Pingtung County,富農肥料生物科技股份有限公司,"Funong Fertilizer Biotechnology Co., Ltd."
supplier,Pingtung County,楠文企業有限公司,"Nanwen Enterprise Co., Ltd."
supplier,Pingtung County,雋隆肥料股份有限公司,"Juanlong Fertilizer Co., Ltd."
supplier,Pingtung County,屏東縣南州地區農會,"Nanzhou District Farmers' Association, Pingtung County"
supplier,Pingtung County,力農環工有限公司,"Linong Environmental Engineering Co., Ltd."
supplier,Pingtung County,國興畜產股份有限公司,"Guoxing Livestock Products Co., Ltd."
supplier,Pingtung County,安慶農業資材有限公司,"Anqing Agricultural Supplies Co., Ltd."
supplier,Pingtung County,恩農農業科技有限公司,"Ennong Agri-Tech Co., Ltd."
supplier,Pingtung County,歐德農化有限公司,"Oude Agrochemical Co., Ltd."
supplier,Pingtung County,法兒敏生物科技有限公司,"Faermin Biotechnology Co., Ltd."
supplier,Pingtung County,盛祥農化科技有限公司,"Shengxiang Agrochemical Technology Co., Ltd."
supplier,Pingtung County,豪鑫貿易有限公司,"Haoxin Trading Co., Ltd."
supplier,Pingtung County,長虹堆肥場,Changhong Composting Plant
supplier,Pingtung County,騰禹實業股份有限公司,"Tengyu Industrial Co., Ltd."
supplier,Pingtung County,飛台農業生物科技股份有限公司,"Feitai Agricultural Biotechnology Co., Ltd."
supplier,Pingtung County,仁諭畜牧場,Renyu Livestock Farm
supplier,Pingtung County,大武山牧場科技股份有限公司,"Dawushan Ranch Technology Co., Ltd."
supplier,Pingtung County,利盈泰企業社,Liyingtai Enterprise
supplier,Pingtung County,福旗生技股份有限公司,"Fuqi Biotech Co., Ltd."
supplier,Pingtung County,聯發國富生技有限公司,"Lianfaguofu Biotech Co., Ltd."
supplier,Pingtung County,根盈開發有限公司,"Genying Development Co., Ltd."
supplier,Pingtung County,永記生化科技有限公司,"Yongji Biochemical Technology Co., Ltd."
supplier,Pingtung County,勝雲生物科技股份有限公司,"Shengyun Biotechnology Co., Ltd."
supplier,Pingtung County,禾昌農業生技有限公司,"Hechang Agri-Biotech Co., Ltd."
supplier,Pingtung County,大舜堆肥場,Dashun Composting Plant
supplier,Pingtung County,寶鑫農業生技有限公司,"Baoxin Agri-Biotech Co., Ltd."
supplier,Pingtung County,必高暢生物科技股份有限公司,"Bigaochang Biotechnology Co., Ltd."
supplier,Pingtung County,鑫育農堆肥有限公司,"Xinyunong Compost Co., Ltd."
supplier,Pingtung County,威克亞斯農化工廠,Weikeyasi Agrochemical Factory
supplier,Pingtung County,日盛飼料股份有限公司,"Risheng Feed Co., Ltd."
supplier,Pingtung County,財夯實業股份有限公司,"Caihang Industrial Co., Ltd."
supplier,Pingtung County,金峰生物科技有限公司,"Jinfeng Biotechnology Co., Ltd."
supplier,Pingtung County,亞亮生技股份有限公司,"Yaliang Biotech Co., Ltd."
supplier,Pingtung County,寶林生物科技股份有限公司,"Baolin Biotechnology Co., Ltd."
supplier,Pingtung County,微寶生技股份有限公司,"Weibao Biotech Co., Ltd."
supplier,Pingtung County,微新生物科技股份有限公司,"Weixin Biotechnology Co., Ltd."
supplier,Pingtung County,慈宏生物科技有限公司,"Cihong Biotechnology Co., Ltd."
supplier,Pingtung County,沛首生技股份有限公司,"Peishou Biotech Co., Ltd."
supplier,Pingtung County,泳鴻國際生技有限公司,"Yonghong International Biotech Co., Ltd."
supplier,Pingtung County,璇億企業股份有限公司,"Xuanyi Enterprise Co., Ltd."
supplier,Pingtung County,環盟生技股份有限公司,"Huanmeng Biotech Co., Ltd."
supplier,Pingtung County,聯利農業科技股份有限公司,"Lianli Agri-Tech Co., Ltd."
supplier,Pingtung County,聯發生物科技股份有限公司,"Lianfa Biotechnology Co., Ltd."
supplier,Pingtung County,萬德福生物科技股份有限公司,"Wandefu Biotechnology Co., Ltd."
supplier,Pingtung County,金雞畜牧場,Jinji Livestock Farm
supplier,Pingtung County,隆泰農業股份有限公司,"Longtai Agriculture Co., Ltd."
supplier,Pingtung County,小農夫資材行,Xiaonongfu Supplies Store
supplier,Changhua County,三木實業有限公司,"Sanmu Industrial Co., Ltd."
supplier,Changhua County,大茂生物科技有限公司,"Damao Biotechnology Co., Ltd."
supplier,Changhua County,御品園科技有限公司,"Yupinyuan Technology Co., Ltd."
supplier,Changhua County,東宜畜牧場,Dongyi Livestock Farm
supplier,Changhua County,福茂生物科技事業有限公司,"Fumao Biotechnology Enterprise Co., Ltd."
supplier,Changhua County,秉宏畜牧場,Binghong Livestock Farm
supplier,Changhua County,耀祥豪農產開發有限公司,"Yaoxianghao Agricultural Products Development Co., Ltd."
supplier,Changhua County,農綠寶國際股份有限公司,"Nonglubao International Co., Ltd."
supplier,Changhua County,田酪股份有限公司,"Tianlao Co., Ltd."
supplier,Changhua County,寬餘興業股份有限公司,"Kuanyu Industrial Co., Ltd."
supplier,Changhua County,民環工業股份有限公司,"Minhuan Industrial Co., Ltd."
supplier,Changhua County,瑞記畜牧場,Ruiji Livestock Farm
supplier,Changhua County,全𨯵化工股份有限公司,"Quanxin Chemical Co., Ltd."
supplier,Changhua County,廣成產業股份有限公司,"Guangcheng Industries Co., Ltd."
supplier,Changhua County,盟豐化工原料行,Mengfeng Chemical Materials Trading
supplier,Changhua County,羽田生物農業股份有限公司,"Yutian Bio-Agriculture Co., Ltd."
supplier,Changhua County,原順興業有限公司,"Yuanshun Industrial Co., Ltd."
supplier,Changhua County,玖宇實業有限公司,"Jiuyu Industrial Co., Ltd."
supplier,Changhua County,鈺達國際洋行,Yuda International Trading
supplier,Changhua County,源良益生物科技有限公司,"Yuanliangyi Biotechnology Co., Ltd."
supplier,Changhua County,豐基生物科技有限公司,"Fengji Biotechnology Co., Ltd."
supplier,Changhua County,佳成堆肥場,Jiacheng Composting Plant
supplier,Changhua County,品創園股份有限公司,"Pinchuangyuan Co., Ltd."
supplier,Changhua County,瑞將生技有限公司,"Ruijiang Biotech Co., Ltd."
supplier,Changhua County,大錚實業有限公司,"Dazheng Industrial Co., Ltd."
supplier,Changhua County,成友有限公司,"Chengyou Co., Ltd."
supplier,Changhua County,臺灣興大農業生技有限公司,"Taiwan Xingda Agri-Biotech Co., Ltd."
supplier,Changhua County,旺永水栽培資材有限公司,"Wangyong Hydroponic Supplies Co., Ltd."
supplier,Changhua County,洮豐生物科技有限公司,"Taofeng Biotechnology Co., Ltd."
supplier,Changhua County,維慶實業有限公司,"Weiqing Industrial Co., Ltd."
supplier,Changhua County,翔茂生物科技有限公司,"Xiangmao Biotechnology Co., Ltd."
supplier,Changhua County,亞諾生物科技有限公司,"Yanuo Biotechnology Co., Ltd."
supplier,Changhua County,亞諾貿易股份有限公司,"Yanuo Trading Co., Ltd."
supplier,Changhua County,全富農業生技有限公司,"Quanfu Agri-Biotech Co., Ltd."
supplier,Changhua County,樂田農業有限公司,"Letian Agriculture Co., Ltd."
supplier,Changhua County,騰飛國際貿易有限公司,"Tengfei International Trading Co., Ltd."
supplier,Changhua County,泰和生技實業有限公司,"Taihe Biotech Industrial Co., Ltd."
supplier,Changhua County,洺富農業生技有限公司,"Mingfu Agri-Biotech Co., Ltd."
supplier,Changhua County,承晉有限公司,"Chengjin Co., Ltd."
supplier,Changhua County,榮茂生物科技有限公司,"Rongmao Biotechnology Co., Ltd."
supplier,Changhua County,民信有限公司,"Minxin Co., Ltd."
supplier,Changhua County,洽益化學股份有限公司,"Qiayi Chemical Co., Ltd."
supplier,Changhua County,益祿發生物科技有限公司,"Yilufa Biotechnology Co., Ltd."
supplier,Changhua County,綠地園生物科技有限公司,"Ludiyuan Biotechnology Co., Ltd."
supplier,Changhua County,洺豐有機肥料有限公司,"Mingfeng Organic Fertilizer Co., Ltd."
supplier,Changhua County,彰化縣田尾鄉公所,"Tianwei Township Office, Changhua County"
supplier,Changhua County,新麗園生物科技有限公司,"Xinliyuan Biotechnology Co., Ltd."
supplier,Changhua County,永豐農業生技有限公司,"Yongfeng Agri-Biotech Co., Ltd."
supplier,Changhua County,億寶綠能股份有限公司,"Yibao Green Energy Co., Ltd."
supplier,Changhua County,木村實業有限公司,"Mucun Industrial Co., Ltd."
supplier,Changhua County,富有農業生技有限公司,"Fuyou Agri-Biotech Co., Ltd."
supplier,Changhua County,勤翰生技股份有限公司,"Qinhan Biotech Co., Ltd."
supplier,Changhua County,梵蒂岡有限公司,"Fandigang Co., Ltd."
supplier,Changhua County,立石生化科技股份有限公司,"Lishi Biochemical Technology Co., Ltd."
supplier,Changhua County,保證責任彰化縣王功農漁牧生產合作社,"Changhua County Wanggong Agriculture, Fishery & Livestock Producers' Cooperative"
supplier,Changhua County,創裕有機有限公司,"Chuangyu Organic Co., Ltd."
supplier,Changhua County,宇興生物科技有限公司,"Yuxing Biotechnology Co., Ltd."
supplier,Changhua County,富鼎產業科技股份有限公司,"Fuding Industrial Technology Co., Ltd."
supplier,Changhua County,成昌堆肥共同處理場,Chengchang Joint Composting Facility
supplier,Changhua County,漢寶工業有限公司,"Hanbao Industrial Co., Ltd."
supplier,Changhua County,萬益生技股份有限公司,"Wanyi Biotech Co., Ltd."
supplier,Changhua County,金大堆肥共同處理場,Jinda Joint Composting Facility
supplier,Changhua County,金農友企業股份有限公司,"Jinnongyou Enterprise Co., Ltd."
supplier,Changhua County,鑫美有機肥料有限公司,"Xinmei Organic Fertilizer Co., Ltd."
supplier,Changhua County,全自然農業生物科技股份有限公司,"Quanziran Agricultural Biotechnology Co., Ltd."
supplier,Changhua County,巨聖油脂化學股份有限公司,"Jusheng Oleochemicals Co., Ltd."
supplier,Changhua County,群耕農業生技有限公司,"Qungeng Agri-Biotech Co., Ltd."
supplier,Changhua County,金農友生技股份有限公司,"Jinnongyou Biotech Co., Ltd."
supplier,New Taipei City,方舟生計股份有限公司,"Fangzhou Shengji Co., Ltd."
supplier,New Taipei City,瑞德國際企業有限公司,"Ruide International Enterprise Co., Ltd."
supplier,New Taipei City,康鈦生化科技有限公司,"Kangtai Biochemical Technology Co., Ltd."
supplier,New Taipei City,永茂實業股份有限公司,"Yongmao Industrial Co., Ltd."
supplier,New Taipei City,日進豐企業有限公司,"Rijinfeng Enterprise Co., Ltd."
supplier,New Taipei City,茂好農業生技有限公司,"Maohao Agri-Biotech Co., Ltd."
supplier,New Taipei City,上傑農園科技有限公司,"Shangjie Farm Technology Co., Ltd."
supplier,New Taipei City,沛森科技有限公司,"Peisen Technology Co., Ltd."
supplier,New Taipei City,滿凌實業有限公司,"Manling Industrial Co., Ltd."
supplier,New Taipei City,翠筠有限公司,"Cuiyun Co., Ltd."
supplier,New Taipei City,辰諭有限公司,"Chenyu Co., Ltd."
supplier,New Taipei City,松樹國際有限公司,"Songshu International Co., Ltd."
supplier,New Taipei City,協明化工股份有限公司,"Xieming Chemical Co., Ltd."
supplier,New Taipei City,圓壹聯合科技有限公司,"Yuanyi United Technology Co., Ltd."
supplier,New Taipei City,藍田生物科技有限公司,"Lantian Biotechnology Co., Ltd."
supplier,New Taipei City,昱吉草坪優化有限公司,"Yuji Turf Care Co., Ltd."
supplier,New Taipei City,鑫廣盛材料發展有限公司,"Xinguangsheng Materials Development Co., Ltd."
supplier,New Taipei City,定霸實業廠有限公司,"Dingba Industrial Factory Co., Ltd."
supplier,New Taipei City,有趣酒業股份有限公司,"Youqu Winery Co., Ltd."
supplier,New Taipei City,荃農企業有限公司,"Quannong Enterprise Co., Ltd."
supplier,New Taipei City,安美洛生技有限公司,"Anmeiluo Biotech Co., Ltd."
supplier,New Taipei City,米果樂生技有限公司,"Miguole Biotech Co., Ltd."
supplier,New Taipei City,聖農生技股份有限公司,"Shengnong Biotech Co., Ltd."
supplier,New Taipei City,柏帆實業有限公司,"Bofan Industrial Co., Ltd."
supplier,New Taipei City,金麥生物科技有限公司,"Jinmai Biotechnology Co., Ltd."
supplier,Hsinchu City,台灣積體電路製造股份有限公司,"Taiwan Semiconductor Manufacturing Co., Ltd. (TSMC)"
supplier,Hsinchu City,竹灃股份有限公司,"Zhufeng Co., Ltd."
supplier,Hsinchu City,光華化學股份有限公司,"Guanghua Chemical Co., Ltd."
supplier,Hsinchu City,春匯有限公司,"Chunhui Co., Ltd."
supplier,Hsinchu City,百泰生物科技股份有限公司,"Baitai Biotechnology Co., Ltd."
supplier,Hsinchu County,合群農牧場商行,Hequn Farm & Ranch Trading
supplier,Hsinchu County,薪榮環保股份有限公司,"Xinrong Environmental Co., Ltd."
supplier,Hsinchu County,安吉生技股份有限公司,"Anji Biotech Co., Ltd."
supplier,Hsinchu County,盟立體生技股份有限公司,"Mengliti Biotech Co., Ltd."
supplier,Hsinchu County,安博奈米科技股份有限公司,"Anbo Nanotechnology Co., Ltd."
supplier,Hsinchu County,新竹縣政府環境保護局,Hsinchu County Environmental Protection Bureau
supplier,Hsinchu County,日耀國際有限公司,"Riyao International Co., Ltd."
supplier,Hsinchu County,時代國際生技股份有限公司,"Shidai International Biotech Co., Ltd."
supplier,Hsinchu County,曜岩應用材料有限公司,"Yaoyan Applied Materials Co., Ltd."
supplier,Taoyuan City,宏庠化學有限公司,"Hongxiang Chemical Co., Ltd."
supplier,Taoyuan City,眾益農業生技股份有限公司,"Zhongyi Agri-Biotech Co., Ltd."
supplier,Taoyuan City,立騰國際有限公司,"Liteng International Co., Ltd."
supplier,Taoyuan City,致源科技股份有限公司,"Zhiyuan Technology Co., Ltd."
supplier,Taoyuan City,宏昇畜牧場,Hongsheng Livestock Farm
supplier,Taoyuan City,日釺開發股份有限公司,"Riqian Development Co., Ltd."
supplier,Taoyuan City,森之土農業有限公司,"Senzhitu Agriculture Co., Ltd."
supplier,Taoyuan City,嘉泰企業股份有限公司,"Jiatai Enterprise Co., Ltd."
supplier,Taoyuan City,新苗生物科技有限公司,"Xinmiao Biotechnology Co., Ltd."
supplier,Taoyuan City,益農農業社,Yinong Agriculture Co.
supplier,Taoyuan City,順豐有機肥料有限公司,"Shunfeng Organic Fertilizer Co., Ltd."
supplier,Taoyuan City,寬興科技股份有限公司,"Kuanxing Technology Co., Ltd."
supplier,Taoyuan City,帛鑫國際有限公司,"Boxin International Co., Ltd."
supplier,Taoyuan City,泓橋環保科技工程股份有限公司,"Hongqiao Environmental Engineering Co., Ltd."
supplier,Taoyuan City,牧飛企業有限公司,"Mufei Enterprise Co., Ltd."
supplier,Taoyuan City,綠蔓科技企業社,Luman Technology Enterprise
supplier,Taoyuan City,鼎全國際有限公司,"Dingquan International Co., Ltd."
supplier,Taoyuan City,五洲肥料股份有限公司,"Wuzhou Fertilizer Co., Ltd."
supplier,Taoyuan City,弘鼎生技有限公司,"Hongding Biotech Co., Ltd."
supplier,Taoyuan City,先趨科股份有限公司,"Xianquke Co., Ltd."
supplier,Taoyuan City,廣明實業股份有限公司,"Guangming Industrial Co., Ltd."
supplier,Taoyuan City,慶豐年科技農業有限公司,"Qingfengnian Agri-Technology Co., Ltd."
supplier,Taoyuan City,禾泰農業科技有限公司,"Hetai Agri-Tech Co., Ltd."
supplier,Taoyuan City,綠旺奈米生物科技有限公司,"Luwang Nano Biotechnology Co., Ltd."
supplier,Taoyuan City,富農化學工業股份有限公司,"Funong Chemical Industry Co., Ltd."
supplier,Taoyuan City,臺益工業股份有限公司,"Taiyi Industrial Co., Ltd."
supplier,Taoyuan City,賀旺科技有限公司,"Hewang Technology Co., Ltd."
supplier,Taoyuan City,鴻聚實業有限公司,"Hongju Industrial Co., Ltd."
supplier,Taoyuan City,盛技精密股份有限公司,"Shengji Precision Co., Ltd."
supplier,Taoyuan City,光球科技有限公司,"Guangqiu Technology Co., Ltd."
supplier,Taoyuan City,大地還原生物科技股份有限公司,"Dadi Huanyuan Biotechnology Co., Ltd."
supplier,Taoyuan City,森禾農業科技有限公司,"Senhe Agri-Tech Co., Ltd."
supplier,Penghu County,澎湖縣政府環保境保護局,Penghu County Environmental Protection Bureau
supplier,Hualien County,豐電化工股份有限公司,"Fengdian Chemical Co., Ltd."
supplier,Hualien County,中華紙漿股份有限公司,Chung Hwa Pulp Corporation
supplier,Hualien County,新華丰再生能源有限公司,"Xinhuafeng Renewable Energy Co., Ltd."
supplier,Hualien County,台灣鑛資工業股份有限公司,"Taiwan Kuangzi Industrial Co., Ltd."
supplier,Hualien County,有限責任花蓮縣花東有機農產加工生產合作社,Hualien County Huadong Organic Produce Processing Cooperative
supplier,Hualien County,合盈國際開發有限公司,"Heying International Development Co., Ltd."
supplier,Hualien County,花蓮縣環境保護局,Hualien County Environmental Protection Bureau
supplier,Miaoli County,循創生物科技股份有限公司,"Xunchuang Biotechnology Co., Ltd."
supplier,Miaoli County,芊育有機實業社,Qianyu Organic Industrial Co.
supplier,Miaoli County,均美農化社,Junmei Agrochemical Co.
supplier,Miaoli County,太極農業生化科技有限公司,"Taiji Agricultural Biochemical Technology Co., Ltd."
supplier,Miaoli County,松興佳企業有限公司,"Songxingjia Enterprise Co., Ltd."
supplier,Miaoli County,苗栗縣竹南鎮公所,"Zhunan Township Office, Miaoli County"
supplier,Miaoli County,豐收實業有限公司,"Fengshou Industrial Co., Ltd."
supplier,Miaoli County,穩盛農藝科技有限公司,"Wensheng Agronomy Technology Co., Ltd."
supplier,Miaoli County,中華蛋白股份有限公司,"Zhonghua Protein Co., Ltd."
supplier,Miaoli County,台灣肥料股份有限公司苗栗廠,"Taiwan Fertilizer Co., Ltd. – Miaoli Plant"
supplier,Miaoli County,日邁國際有限公司,"Rimai International Co., Ltd."
supplier,Miaoli County,富綠信息植物基因科技有限公司,"Fulu Xinxi Plant Gene Technology Co., Ltd."
supplier,Miaoli County,尚和欣股份有限公司,"Shanghexin Co., Ltd."
supplier,Miaoli County,得揚生物科技有限公司,"Deyang Biotechnology Co., Ltd."
supplier,Miaoli County,威瑞國際實業有限公司,"Weirui International Industrial Co., Ltd."
supplier,Miaoli County,宏衡實業股份有限公司,"Hongheng Industrial Co., Ltd."
supplier,Miaoli County,恆誼化工股份有限公司,"Hengyi Chemical Co., Ltd."
supplier,Kinmen County,天山農業肥料有限公司,"Tianshan Agricultural Fertilizer Co., Ltd."
supplier,Kinmen County,金門縣環境保護局,Kinmen County Environmental Protection Bureau
supplier,Yunlin County,佳禾科技有限公司,"Jiahe Technology Co., Ltd."
supplier,Yunlin County,大東庄生物科技有限公司,"Dadongzhuang Biotechnology Co., Ltd."
supplier,Yunlin County,弘裕農產加工廠,Hongyu Agricultural Processing Plant
supplier,Yunlin County,源長生物科技有限公司,"Yuanchang Biotechnology Co., Ltd."
supplier,Yunlin County,田金企業社,Tianjin Enterprise
supplier,Yunlin County,福茂企業社,Fumao Enterprise
supplier,Yunlin County,禾沃生物科技有限公司,"Hewo Biotechnology Co., Ltd."
supplier,Yunlin County,耘農生物科技有限公司,"Yunnong Biotechnology Co., Ltd."
supplier,Yunlin County,托福農化工廠,Tuofu Agrochemical Factory
supplier,Yunlin County,百旺生物科技企業社,Baiwang Biotechnology Enterprise
supplier,Yunlin County,保證責任雲林縣四湖有機肥生產合作社,Yunlin County Sihu Organic Fertilizer Producers' Cooperative
supplier,Yunlin County,日旺生技有限公司,"Riwang Biotech Co., Ltd."
supplier,Yunlin County,添進肥料工廠有限公司,"Tianjin Fertilizer Factory Co., Ltd."
supplier,Yunlin County,保證責任雲林縣乳牛生產合作社,Yunlin County Dairy Cattle Producers' Cooperative
supplier,Yunlin County,保證責任雲林縣豐榮合作農場,Yunlin County Fengrong Cooperative Farm
supplier,Yunlin County,宏存堆肥場股份有限公司,"Hongcun Composting Plant Co., Ltd."
supplier,Yunlin County,台灣亞磐股份有限公司,"Taiwan Yapan Co., Ltd."
supplier,Yunlin County,嘉年生化產品有限公司,"Jianian Biochemical Products Co., Ltd."
supplier,Yunlin County,寶崴實業有限公司,"Baowai Industrial Co., Ltd."
supplier,Yunlin County,建興農業科技股份有限公司,"Jianxing Agri-Tech Co., Ltd."
supplier,Yunlin County,綠世紀生物科技股份有限公司,"Lushiji Biotechnology Co., Ltd."
supplier,Yunlin County,翔豪生化肥料有限公司,"Xianghao Biochemical Fertilizer Co., Ltd."
supplier,Yunlin County,全虹環保生物科技有限公司,"Quanhong Environmental Biotechnology Co., Ltd."
supplier,Yunlin County,台灣正豐農科研究股份有限公司,"Taiwan Zhengfeng Agricultural Research Co., Ltd."
supplier,Yunlin County,台灣羅門哈斯生物科技股份有限公司,"Rohm and Haas Taiwan Biotechnology Co., Ltd."
supplier,Yunlin County,奕翰行,Yihan Trading
supplier,Yunlin County,旌翔有限公司,"Jingxiang Co., Ltd."
supplier,Yunlin County,大勝飼料股份有限公司,"Dasheng Feed Co., Ltd."
supplier,Yunlin County,中華民國農會附設各級農會農化廠,National Farmers' Association – Agrochemical Plant
supplier,Yunlin County,保證責任雲林縣油車合作農場,Yunlin County Youche Cooperative Farm
supplier,Yunlin County,廣兆蕙生技股份有限公司,"Guangzhaohui Biotech Co., Ltd."
supplier,Yunlin County,油車股份有限公司,"Youche Co., Ltd."
supplier,Yunlin County,立農化學股份有限公司,"Linong Chemical Co., Ltd."
supplier,Yunlin County,鳳凰生物科技有限公司,"Fenghuang Biotechnology Co., Ltd."
supplier,Yunlin County,凱皇農化股份有限公司,"Kaihuang Agrochemical Co., Ltd."
supplier,Yunlin County,台灣糖業股份有限公司雲嘉區處,Taiwan Sugar Corporation – Yunlin-Chiayi Regional Office
supplier,Yunlin County,晑鼎股份有限公司,"Xiangding Co., Ltd."
supplier,Yunlin County,辰灝股份有限公司,"Chenhao Co., Ltd."
supplier,Yunlin County,金億陽開發有限公司,"Jinyiyang Development Co., Ltd."
supplier,Yunlin County,全農肥料有限公司,"Quannong Fertilizer Co., Ltd."
supplier,Yunlin County,冠畯農業科技開發有限公司,"Guanjun Agri-Tech Development Co., Ltd."
supplier,Yunlin County,同興農業有限公司,"Tongxing Agriculture Co., Ltd."
supplier,Yunlin County,品富旺生物科技有限公司,"Pinfuwang Biotechnology Co., Ltd."
supplier,Yunlin County,大虫農業有限公司,"Dachong Agriculture Co., Ltd."
supplier,Yunlin County,南亞塑膠工業股份有限公司麥寮分公司,Nan Ya Plastics Corporation – Mailiao Branch
supplier,Kaohsiung City,亦揚實業有限公司,"Yiyang Industrial Co., Ltd."
supplier,Kaohsiung City,福麟農業有限公司,"Fulin Agriculture Co., Ltd."
supplier,Kaohsiung City,鼎尚鑫農業科技有限公司,"Dingshangxin Agri-Tech Co., Ltd."
supplier,Kaohsiung City,豐邑企業有限公司,"Fengyi Enterprise Co., Ltd."
supplier,Kaohsiung City,忠盟企業有限公司,"Zhongmeng Enterprise Co., Ltd."
supplier,Kaohsiung City,申慶環保生技有限公司,"Shenqing Environmental Biotech Co., Ltd."
supplier,Kaohsiung City,佳明蘭園有限公司,"Jiaming Orchid Garden Co., Ltd."
supplier,Kaohsiung City,冠驊企業股份有限公司,"Guanhua Enterprise Co., Ltd."
supplier,Kaohsiung City,建豐企業股份有限公司,"Jianfeng Enterprise Co., Ltd."
supplier,Kaohsiung City,橋盛實業股份有限公司,"Qiaosheng Industrial Co., Ltd."
supplier,Kaohsiung City,永綠生物科技股份有限公司,"Yonglu Biotechnology Co., Ltd."
supplier,Kaohsiung City,生豐企業社,Shengfeng Enterprise
supplier,Kaohsiung City,農友種苗股份有限公司,"Known-You Seed Co., Ltd."
supplier,Kaohsiung City,中國石油化學工業開發股份有限公司,China Petrochemical Development Corporation
supplier,Kaohsiung City,中國石油化學工業開發股份有限公司大社廠,China Petrochemical Development Corporation – Dashe Plant
supplier,Kaohsiung City,崧育生物科技股份有限公司,"Songyu Biotechnology Co., Ltd."
supplier,Kaohsiung City,台灣豐穗生物科技股份有限公司,"Taiwan Fengsui Biotechnology Co., Ltd."
supplier,Kaohsiung City,融潤企業有限公司,"Rongrun Enterprise Co., Ltd."
supplier,Kaohsiung City,共享農業生技股份有限公司,"Gongxiang Agri-Biotech Co., Ltd."
supplier,Kaohsiung City,國菁企業有限公司,"Guojing Enterprise Co., Ltd."
supplier,Kaohsiung City,頤和有限公司,"Yihe Co., Ltd."
supplier,Kaohsiung City,上銘園藝事業有限公司,"Shangming Horticulture Co., Ltd."
supplier,Kaohsiung City,富山企業行,Fushan Enterprise
supplier,Kaohsiung City,家豪生物科技股份有限公司,"Jiahao Biotechnology Co., Ltd."
supplier,Kaohsiung City,晟旺環保資源股份有限公司,"Chengwang Environmental Resources Co., Ltd."
supplier,Kaohsiung City,普飛迅國際開發有限公司,"Pufeixun International Development Co., Ltd."
supplier,Kaohsiung City,豫豐實業有限公司,"Yufeng Industrial Co., Ltd."
supplier,Kaohsiung City,寶佳宏企業股份有限公司,"Baojiahong Enterprise Co., Ltd."
supplier,Kaohsiung City,碩天實業有限公司,"Shuotian Industrial Co., Ltd."
supplier,Kaohsiung City,碩氨貿易有限公司,"Shuo'an Trading Co., Ltd."
supplier,Kaohsiung City,福農企業有限公司,"Funong Enterprise Co., Ltd."
supplier,Kaohsiung City,鑫柏強企業有限公司,"Xinboqiang Enterprise Co., Ltd."
supplier,Kaohsiung City,三傑飼料股份有限公司,"Sanjie Feed Co., Ltd."
supplier,Kaohsiung City,冠高實業有限公司,"Guangao Industrial Co., Ltd."
supplier,Kaohsiung City,力漢企業股份有限公司,"Lihan Enterprise Co., Ltd."
supplier,Kaohsiung City,國峰生物科技股份有限公司,"Guofeng Biotechnology Co., Ltd."
supplier,Kaohsiung City,王馬企業有限公司,"Wangma Enterprise Co., Ltd."
supplier,Kaohsiung City,長鶴企業有限公司,"Changhe Enterprise Co., Ltd."
supplier,Kaohsiung City,瑪汀農牧產銷有限公司,"Mating Agri-Livestock Marketing Co., Ltd."
supplier,Kaohsiung City,進和牧場,Jinhe Ranch
supplier,Kaohsiung City,麗園農牧科技股份有限公司,"Liyuan Agri-Livestock Technology Co., Ltd."
supplier,Kaohsiung City,綠麗貿易有限公司,"Luli Trading Co., Ltd."
supplier,Kaohsiung City,菘安有限公司,"Song'an Co., Ltd."
township,Taipei City,北投區,Beitou District
township,Taipei City,士林區,Shilin District
township,Taipei City,文山區,Wenshan District
township,Taipei City,南港區,Nangang District
township,Taipei City,內湖區,Neihu District
township,Taipei City,信義區,Xinyi District
township,Taipei City,中山區,Zhongshan District
township,Taipei City,大安區,Da'an District
township,Taichung City,和平區,Heping District
township,Taichung City,東勢區,Dongshi District
township,Taichung City,大甲區,Dajia District
township,Taichung City,霧峰區,Wufeng District
township,Taichung City,新社區,Xinshe District
township,Taichung City,清水區,Qingshui District
township,Taichung City,太平區,Taiping District
township,Taichung City,后里區,Houli District
township,Taichung City,外埔區,Waipu District
township,Taichung City,大安區,Da'an District
township,Taichung City,龍井區,Longjing District
township,Taichung City,神岡區,Shengang District
township,Taichung City,烏日區,Wuri District
township,Taichung City,大肚區,Dadu District
township,Taichung City,豐原區,Fengyuan District
township,Taichung City,大雅區,Daya District
township,Taichung City,沙鹿區,Shalu District
township,Taichung City,北屯區,Beitun District
township,Taichung City,潭子區,Tanzi District
township,Taichung City,西屯區,Xitun District
township,Taichung City,石岡區,Shigang District
township,Taichung City,大里區,Dali District
township,Taichung City,梧棲區,Wuqi District
township,Taichung City,南屯區,Nantun District
township,Taichung City,南區,South District
township,Taichung City,東區,East District
township,Taichung City,北區,North District
township,Taichung City,西區,West District
township,Keelung City,七堵區,Qidu District
township,Keelung City,安樂區,Anle District
township,Keelung City,中山區,Zhongshan District
township,Keelung City,暖暖區,Nuannuan District
township,Keelung City,信義區,Xinyi District
township,Keelung City,中正區,Zhongzheng District
township,Keelung City,仁愛區,Ren'ai District
township,Tainan City,七股區,Qigu District
township,Tainan City,安南區,Annan District
township,Tainan City,白河區,Baihe District
township,Tainan City,後壁區,Houbi District
township,Tainan City,東山區,Dongshan District
township,Tainan City,北門區,Beimen District
township,Tainan City,學甲區,Xuejia District
township,Tainan City,鹽水區,Yanshui District
township,Tainan City,麻豆區,Madou District
township,Tainan City,楠西區,Nanxi District
township,Tainan City,歸仁區,Guiren District
township,Tainan City,柳營區,Liuying District
township,Tainan City,將軍區,Jiangjun District
township,Tainan City,玉井區,Yujing District
township,Tainan City,善化區,Shanhua District
township,Tainan City,南化區,Nanhua District
township,Tainan City,官田區,Guantian District
township,Tainan City,新市區,Xinshi District
township,Tainan City,關廟區,Guanmiao District
township,Tainan City,新化區,Xinhua District
township,Tainan City,大內區,Danei District
township,Tainan City,佳里區,Jiali District
township,Tainan City,下營區,Xiaying District
township,Tainan City,西港區,Xigang District
township,Tainan City,六甲區,Liujia District
township,Tainan City,仁德區,Rende District
township,Tainan City,安定區,Anding District
township,Tainan City,新營區,Xinying District
township,Tainan City,左鎮區,Zuozhen District
township,Tainan City,山上區,Shanshang District
township,Tainan City,龍崎區,Longqi District
township,Tainan City,永康區,Yongkang District
township,Tainan City,南區,South District
township,Tainan City,中西區,West Central District
township,Tainan City,安平區,Anping District
township,Tainan City,東區,East District
township,Tainan City,北區,North District
township,Kaohsiung City,美濃區,Meinong District
township,Kaohsiung City,旗山區,Qishan District
township,Kaohsiung City,大寮區,Daliao District
township,Kaohsiung City,路竹區,Luzhu District
township,Kaohsiung City,杉林區,Shanlin District
township,Kaohsiung City,大樹區,Dashu District
township,Kaohsiung City,燕巢區,Yanchao District
township,Kaohsiung City,內門區,Neimen District
township,Kaohsiung City,六龜區,Liugui District
township,Kaohsiung City,阿蓮區,Alian District
township,Kaohsiung City,岡山區,Gangshan District
township,Kaohsiung City,田寮區,Tianliao District
township,Kaohsiung City,那瑪夏區,Namaxia District
township,Kaohsiung City,桃源區,Taoyuan District
township,Kaohsiung City,永安區,Yong'an District
township,Kaohsiung City,橋頭區,Qiaotou District
township,Kaohsiung City,湖內區,Hunei District
township,Kaohsiung City,甲仙區,Jiaxian District
township,Kaohsiung City,林園區,Linyuan District
township,Kaohsiung City,大社區,Dashe District
township,Kaohsiung City,彌陀區,Mituo District
township,Kaohsiung City,梓官區,Ziguan District
township,Kaohsiung City,仁武區,Renwu District
township,Kaohsiung City,茄萣區,Qieding District
township,Kaohsiung City,鳥松區,Niaosong District
township,Kaohsiung City,楠梓區,Nanzi District
township,Kaohsiung City,小港區,Xiaogang District
township,Kaohsiung City,茂林區,Maolin District
township,Kaohsiung City,鳳山區,Fengshan District
township,Kaohsiung City,三民區,Sanmin District
township,Kaohsiung City,左營區,Zuoying District
township,Kaohsiung City,前鎮區,Qianzhen District
township,Kaohsiung City,鼓山區,Gushan District
township,Kaohsiung City,苓雅區,Lingya District
township,Kaohsiung City,旗津區,Qijin District
township,Kaohsiung City,前金區,Qianjin District
township,Kaohsiung City,鹽埕區,Yancheng District
township,New Taipei City,三峽區,Sanxia District
township,New Taipei City,淡水區,Tamsui District
township,New Taipei City,三芝區,Sanzhi District
township,New Taipei City,新店區,Xindian District
township,New Taipei City,坪林區,Pinglin District
township,New Taipei City,石門區,Shimen District
township,New Taipei City,金山區,Jinshan District
township,New Taipei City,雙溪區,Shuangxi District
township,New Taipei City,林口區,Linkou District
township,New Taipei City,萬里區,Wanli District
township,New Taipei City,八里區,Bali District
township,New Taipei City,貢寮區,Gongliao District
township,New Taipei City,五股區,Wugu District
township,New Taipei City,石碇區,Shiding District
township,New Taipei City,汐止區,Xizhi District
township,New Taipei City,樹林區,Shulin District
township,New Taipei City,深坑區,Shenkeng District
township,New Taipei City,鶯歌區,Yingge District
township,New Taipei City,土城區,Tucheng District
township,New Taipei City,平溪區,Pingxi District
township,New Taipei City,瑞芳區,Ruifang District
township,New Taipei City,烏來區,Wulai District
township,New Taipei City,新莊區,Xinzhuang District
township,New Taipei City,中和區,Zhonghe District
township,New Taipei City,泰山區,Taishan District
township,New Taipei City,蘆洲區,Luzhou District
township,New Taipei City,板橋區,Banqiao District
township,New Taipei City,永和區,Yonghe District
township,New Taipei City,三重區,Sanchong District
township,Yilan County,三星鄉,Sanxing Township
township,Yilan County,冬山鄉,Dongshan Township
township,Yilan County,員山鄉,Yuanshan Township
township,Yilan County,壯圍鄉,Zhuangwei Township
township,Yilan County,礁溪鄉,Jiaoxi Township
township,Yilan County,大同鄉,Datong Township
township,Yilan County,五結鄉,Wujie Township
township,Yilan County,宜蘭市,Yilan City
township,Yilan County,蘇澳鎮,Su'ao Township
township,Yilan County,頭城鎮,Toucheng Township
township,Yilan County,羅東鎮,Luodong Township
township,Yilan County,南澳鄉,Nan'ao Township
township,Taoyuan City,新屋區,Xinwu District
township,Taoyuan City,觀音區,Guanyin District
township,Taoyuan City,大園區,Dayuan District
township,Taoyuan City,楊梅區,Yangmei District
township,Taoyuan City,中壢區,Zhongli District
township,Taoyuan City,蘆竹區,Luzhu District
township,Taoyuan City,龍潭區,Longtan District
township,Taoyuan City,大溪區,Daxi District
township,Taoyuan City,平鎮區,Pingzhen District
township,Taoyuan City,八德區,Bade District
township,Taoyuan City,復興區,Fuxing District
township,Taoyuan City,桃園區,Taoyuan District
township,Taoyuan City,龜山區,Guishan District
township,Chiayi City,西區,West District
township,Chiayi City,東區,East District
township,Hsinchu County,新豐鄉,Xinfeng Township
township,Hsinchu County,關西鎮,Guanxi Township
township,Hsinchu County,新埔鎮,Xinpu Township
township,Hsinchu County,竹北市,Zhubei City
township,Hsinchu County,湖口鄉,Hukou Township
township,Hsinchu County,竹東鎮,Zhudong Township
township,Hsinchu County,尖石鄉,Jianshi Township
township,Hsinchu County,寶山鄉,Baoshan Township
township,Hsinchu County,芎林鄉,Qionglin Township
township,Hsinchu County,橫山鄉,Hengshan Township
township,Hsinchu County,峨眉鄉,Emei Township
township,Hsinchu County,五峰鄉,Wufeng Township
township,Hsinchu County,北埔鄉,Beipu Township
township,Miaoli County,後龍鎮,Houlong Township
township,Miaoli County,苑裡鎮,Yuanli Township
township,Miaoli County,卓蘭鎮,Zhuolan Township
township,Miaoli County,通霄鎮,Tongxiao Township
township,Miaoli County,大湖鄉,Dahu Township
township,Miaoli County,公館鄉,Gongguan Township
township,Miaoli County,銅鑼鄉,Tongluo Township
township,Miaoli County,頭份市,Toufen City
township,Miaoli County,泰安鄉,Tai'an Township
township,Miaoli County,竹南鎮,Zhunan Township
township,Miaoli County,西湖鄉,Xihu Township
township,Miaoli County,三灣鄉,Sanwan Township
township,Miaoli County,造橋鄉,Zaoqiao Township
township,Miaoli County,三義鄉,Sanyi Township
township,Miaoli County,苗栗市,Miaoli City
township,Miaoli County,南庄鄉,Nanzhuang Township
township,Miaoli County,獅潭鄉,Shitan Township
township,Miaoli County,頭屋鄉,Touwu Township
township,Nantou County,國姓鄉,Guoxing Township
township,Nantou County,竹山鎮,Zhushan Township
township,Nantou County,中寮鄉,Zhongliao Township
township,Nantou County,名間鄉,Mingjian Township
township,Nantou County,仁愛鄉,Ren'ai Township
township,Nantou County,埔里鎮,Puli Township
township,Nantou County,草屯鎮,Caotun Township
township,Nantou County,信義鄉,Xinyi Township
township,Nantou County,水里鄉,Shuili Township
township,Nantou County,魚池鄉,Yuchi Township
township,Nantou County,鹿谷鄉,Lugu Township
township,Nantou County,南投市,Nantou City
township,Nantou County,集集鎮,Jiji Township
township,Changhua County,芳苑鄉,Fangyuan Township
township,Changhua County,二林鎮,Erlin Township
township,Changhua County,溪州鄉,Xizhou Township
township,Changhua County,大城鄉,Dacheng Township
township,Changhua County,福興鄉,Fuxing Township
township,Changhua County,埤頭鄉,Pitou Township
township,Changhua County,竹塘鄉,Zhutang Township
township,Changhua County,鹿港鎮,Lukang Township
township,Changhua County,埔鹽鄉,Puyan Township
township,Changhua County,和美鎮,Hemei Township
township,Changhua County,彰化市,Changhua City
township,Changhua County,田中鎮,Tianzhong Township
township,Changhua County,溪湖鎮,Xihu Township
township,Changhua County,秀水鄉,Xiushui Township
township,Changhua County,社頭鄉,Shetou Township
township,Changhua County,伸港鄉,Shengang Township
township,Changhua County,田尾鄉,Tianwei Township
township,Changhua County,芬園鄉,Fenyuan Township
township,Changhua County,大村鄉,Dacun Township
township,Changhua County,二水鄉,Ershui Township
township,Changhua County,員林市,Yuanlin City
township,Changhua County,花壇鄉,Huatan Township
township,Changhua County,永靖鄉,Yongjing Township
township,Changhua County,埔心鄉,Puxin Township
township,Changhua County,線西鄉,Xianxi Township
township,Changhua County,北斗鎮,Beidou Township
township,Hsinchu City,香山區,Xiangshan District
township,Hsinchu City,北區,North District
township,Hsinchu City,東區,East District
township,Yunlin County,古坑鄉,Gukeng Township
township,Yunlin County,麥寮鄉,Mailiao Township
township,Yunlin County,元長鄉,Yuanchang Township
township,Yunlin County,水林鄉,Shuilin Township
township,Yunlin County,四湖鄉,Sihu Township
township,Yunlin County,口湖鄉,Kouhu Township
township,Yunlin County,二崙鄉,Erlun Township
township,Yunlin County,斗六市,Douliu City
township,Yunlin County,臺西鄉,Taixi Township
township,Yunlin County,崙背鄉,Lunbei Township
township,Yunlin County,虎尾鎮,Huwei Township
township,Yunlin County,莿桐鄉,Citong Township
township,Yunlin County,東勢鄉,Dongshi Township
township,Yunlin County,土庫鎮,Tuku Township
township,Yunlin County,大埤鄉,Dapi Township
township,Yunlin County,西螺鎮,Xiluo Township
township,Yunlin County,斗南鎮,Dounan Township
township,Yunlin County,北港鎮,Beigang Township
township,Yunlin County,褒忠鄉,Baozhong Township
township,Yunlin County,林內鄉,Linnei Township
township,Chiayi County,中埔鄉,Zhongpu Township
township,Chiayi County,義竹鄉,Yizhu Township
township,Chiayi County,東石鄉,Dongshi Township
township,Chiayi County,竹崎鄉,Zhuqi Township
township,Chiayi County,布袋鎮,Budai Township
township,Chiayi County,民雄鄉,Minxiong Township
township,Chiayi County,新港鄉,Xingang Township
township,Chiayi County,太保市,Taibao City
township,Chiayi County,六腳鄉,Liujiao Township
township,Chiayi County,鹿草鄉,Lucao Township
township,Chiayi County,水上鄉,Shuishang Township
township,Chiayi County,梅山鄉,Meishan Township
township,Chiayi County,大林鎮,Dalin Township
township,Chiayi County,朴子市,Puzi City
township,Chiayi County,番路鄉,Fanlu Township
township,Chiayi County,溪口鄉,Xikou Township
township,Chiayi County,大埔鄉,Dapu Township
township,Chiayi County,阿里山鄉,Alishan Township
township,Pingtung County,高樹鄉,Gaoshu Township
township,Pingtung County,內埔鄉,Neipu Township
township,Pingtung County,萬巒鄉,Wanluan Township
township,Pingtung County,枋寮鄉,Fangliao Township
township,Pingtung County,萬丹鄉,Wandan Township
township,Pingtung County,新埤鄉,Xinpi Township
township,Pingtung County,鹽埔鄉,Yanpu Township
township,Pingtung County,恆春鎮,Hengchun Township
township,Pingtung County,里港鄉,Ligang Township
township,Pingtung County,長治鄉,Changzhi Township
township,Pingtung County,潮州鎮,Chaozhou Township
township,Pingtung County,九如鄉,Jiuru Township
township,Pingtung County,屏東市,Pingtung City
township,Pingtung County,新園鄉,Xinyuan Township
township,Pingtung County,佳冬鄉,Jiadong Township
township,Pingtung County,崁頂鄉,Kanding Township
township,Pingtung County,竹田鄉,Zhutian Township
township,Pingtung County,南州鄉,Nanzhou Township
township,Pingtung County,三地門鄉,Sandimen Township
township,Pingtung County,滿州鄉,Manzhou Township
township,Pingtung County,獅子鄉,Shizi Township
township,Pingtung County,東港鎮,Donggang Township
township,Pingtung County,來義鄉,Laiyi Township
township,Pingtung County,林邊鄉,Linbian Township
township,Pingtung County,麟洛鄉,Linluo Township
township,Pingtung County,車城鄉,Checheng Township
township,Pingtung County,枋山鄉,Fangshan Township
township,Pingtung County,春日鄉,Chunri Township
township,Pingtung County,泰武鄉,Taiwu Township
township,Pingtung County,牡丹鄉,Mudan Township
township,Pingtung County,瑪家鄉,Majia Township
township,Pingtung County,霧臺鄉,Wutai Township
township,Pingtung County,琉球鄉,Liuqiu Township
township,Hualien County,鳳林鎮,Fenglin Township
township,Hualien County,玉里鎮,Yuli Township
township,Hualien County,壽豐鄉,Shoufeng Township
township,Hualien County,光復鄉,Guangfu Township
township,Hualien County,瑞穗鄉,Ruisui Township
township,Hualien County,富里鄉,Fuli Township
township,Hualien County,吉安鄉,Ji'an Township
township,Hualien County,萬榮鄉,Wanrong Township
township,Hualien County,卓溪鄉,Zhuoxi Township
township,Hualien County,秀林鄉,Xiulin Township
township,Hualien County,豐濱鄉,Fengbin Township
township,Hualien County,新城鄉,Xincheng Township
township,Hualien County,花蓮市,Hualien City
township,Taitung County,臺東市,Taitung City
township,Taitung County,卑南鄉,Beinan Township
township,Taitung County,鹿野鄉,Luye Township
township,Taitung County,東河鄉,Donghe Township
township,Taitung County,池上鄉,Chishang Township
township,Taitung County,關山鎮,Guanshan Township
township,Taitung County,太麻里鄉,Taimali Township
township,Taitung County,長濱鄉,Changbin Township
township,Taitung County,成功鎮,Chenggong Township
township,Taitung County,海端鄉,Haiduan Township
township,Taitung County,延平鄉,Yanping Township
township,Taitung County,金峰鄉,Jinfeng Township
township,Taitung County,達仁鄉,Daren Township
township,Taitung County,大武鄉,Dawu Township
township,Taitung County,蘭嶼鄉,Lanyu Township
township,Taitung County,綠島鄉,Ludao Township
township,Taipei City,中正區,Zhongzheng District
township,Taipei City,大同區,Datong District
township,Taipei City,松山區,Songshan District
township,Taipei City,萬華區,Wanhua District
township,Chiayi City,(unspecified district),district not specified
township,Hsinchu City,(unspecified district),district not specified
township,Penghu County,湖西鄉,Huxi Township
township,Kinmen County,金湖鎮,Jinhu Township
township,Kaohsiung City,新興區,Xinxing District
county,Nantou County,南投縣,Nantou County
county,Taichung City,台中市,Taichung City
county,Taipei City,台北市,Taipei City
county,Tainan City,台南市,Tainan City
county,Taitung County,台東縣,Taitung County
county,Chiayi City,嘉義市,Chiayi City
county,Chiayi County,嘉義縣,Chiayi County
county,Keelung City,基隆市,Keelung City
county,Yilan County,宜蘭縣,Yilan County
county,Pingtung County,屏東縣,Pingtung County
county,Changhua County,彰化縣,Changhua County
county,New Taipei City,新北市,New Taipei City
county,Hsinchu City,新竹市,Hsinchu City
county,Hsinchu County,新竹縣,Hsinchu County
county,Taoyuan City,桃園市,Taoyuan City
county,Taichung City,臺中市,Taichung City
county,Taipei City,臺北市,Taipei City
county,Tainan City,臺南市,Tainan City
county,Taitung County,臺東縣,Taitung County
county,Hualien County,花蓮縣,Hualien County
county,Miaoli County,苗栗縣,Miaoli County
county,Yunlin County,雲林縣,Yunlin County
county,Kaohsiung City,高雄市,Kaohsiung City
